Tract,AccessCare,Arthritis,BingeEat,BPHigh,BPMed,Cancer,ChildAsthma,CHD,Checkup,CholesterolScreen,ColonScreen,COPD,CorePreventionMen,CorePreventionWomen,Smoking,Dental,Diabetes,HighCholesterol,CKD,LPA,Mammography,MentalHealth,Obesity,PapTest,PersonalHealth,Sleep,Stroke,TeethLost
107000,20.3,29.8,11.6,44.9,79,5.8,12.2,7.3,74.9,80.2,64.1,9.3,32.9,26,21.8,52.6,16.3,34.6,4,37.8,83.6,17,41.2,85,17.1,41.5,5.1,22.8
135896,11.5,25.3,15.4,32.4,75,6.7,9.2,4.9,71,83.8,74,5.6,46.3,38.6,13.4,74.5,8.4,33.2,2.4,24.2,81,11.5,28.8,85.5,10.6,32.9,2.4,8.3
137000,16.4,28.9,13.3,37.4,75.2,6.7,10.9,6.7,71,80.1,71.7,8,46.4,39.5,18.4,61.2,11.8,33.5,3.2,30.6,80.2,15.1,35.5,82.9,14.5,37.8,3.6,14.2
150000,18.1,30.2,13.6,42.2,78.7,6.5,11.5,7.6,74.6,80.3,65,8.8,31.8,30.7,20.5,58.7,14.2,35.2,3.7,35.8,82,16.2,37.5,85.5,15.9,39.1,4.4,19.7
151000,19,28.3,13.2,41.2,76.4,6.1,11.5,6.9,75,80.2,64.9,8.6,33.6,31,21.2,60.6,14.2,34.5,3.5,34.8,82.4,16,38.4,85.5,16.1,38,4.2,18.1
177256,17,23.7,15.5,34.1,70.8,4.7,11.4,5.3,69.7,73.2,61.4,7.2,36,31.7,18.8,59.6,10.2,30.8,2.8,32,82.7,17.8,35.9,85,13.3,39,3.1,18.9
203000,12.8,19.4,20.3,28,62.1,5.4,9,4.2,52.3,71.6,62.2,4.5,39.6,33.3,17.9,65.2,7.3,31,2.3,20.8,71.3,11.5,34.2,79,10.7,31.3,2.3,12.9
404720,20.9,17.1,18.2,24.4,67,4.3,10.5,4.1,63.9,76.8,58,5.1,30.4,27.5,18.1,59.9,8.9,27.8,3.1,26.9,79.8,14.3,31.2,,12.4,38.1,2.3,14.7
412000,12.3,18.2,18.9,23.6,69.8,5.5,9.9,3.8,65.7,81.4,65.4,4.6,37.6,34.5,14.6,70.7,7.3,28.6,2.7,20.9,80,11.6,26.4,,10.1,35.2,2.1,9.4
427400,10.4,17.2,20.5,21.8,67.7,5.2,9.9,3.3,64.8,81.5,67,4.2,39.1,36.6,14.5,73.6,6.2,27.3,2.4,19.2,80.4,11.4,25.7,,9.2,34.8,1.8,7.6
427820,18.6,21,17,27.8,71.9,5.7,10.8,5.3,65.6,78.1,59.4,6.5,32.9,29.3,18.7,59.9,9.8,31.4,3.5,27.4,79.1,14.5,30.8,,13.6,37.3,2.9,15.1
446000,15.9,22.9,17,28.9,74.4,6.9,10.6,5.9,66.9,79.9,63.8,6.7,35.8,31.6,17.3,64.1,9.4,32.6,3.6,25.5,78.7,13.4,29.2,,12.9,35.5,3,13.2
454050,12.4,23,17.4,28.2,75.1,7.2,10.2,5.4,68,82.6,66.2,6.1,37.9,33.5,15.3,69.7,8.7,32.4,3.3,22.8,79.2,12,27.3,,11.6,34.5,2.8,10.7
455000,19.9,19.8,17.2,26.9,70.4,5.4,10.6,5,65,77.9,59.7,6,33.7,30.3,18.3,59.3,9.5,30.5,3.4,27.1,79.5,14.3,31.1,,13.3,37.3,2.7,14.3
465000,8.5,24.1,16.7,28.9,77.6,8.5,9.6,5.5,70,85.7,71.3,5.4,41.4,37.1,11.7,76,8.2,34,3.3,19,80.5,9.8,24.8,,10.1,31.4,2.6,7.2
471510,13.4,24.5,16.6,30.3,76.8,8,10.2,5.9,69.1,83.1,70.1,6.4,39.1,36,15.6,69.1,9.3,34.1,3.5,23.2,78.9,11.8,27.8,,11.8,34.2,2.9,9.7
473000,13.6,15.9,19.8,21.6,66.3,4.7,10.4,3.7,63.3,73.9,64.7,4.6,37,33,15.6,65.8,6.5,26.1,2.6,21.6,80.4,13.7,26.1,,10,35,2,10
477000,18.2,22.6,15.8,27.7,72,5.9,10.3,5.7,64.2,75.9,60.8,6.5,35,29.6,19.2,59.6,9.7,31.9,3.5,26.3,79,14.7,28.6,,13.9,34.2,3,13.4
485540,22.7,21.3,18,29,70.7,5.8,9.8,5.9,64.1,76.1,53.1,6.6,31.4,26.3,16.6,55.8,11.1,32.4,3.4,26.7,78.5,13.7,36.3,,14,31.3,3.2,17.7
523290,11.1,17.6,18.8,26.9,64.3,4.4,9.3,4.2,64.4,69.7,59,5.4,36.4,31.4,19,59.5,6.4,27.2,2.3,26.2,75.2,15.7,28.1,,10.6,34.2,2.1,15.6
524550,16.3,26.4,14,37.1,75.3,6.5,10,7.6,71.3,75.5,59.8,9.1,27.4,26.8,24.9,54.7,12.4,34.2,3.5,37.5,76.7,17.1,33.5,,16.3,35.1,4,23.5
535710,12.3,25.5,15.4,33.3,73.2,6.1,9.9,6.1,71.6,75.5,62.7,7.2,41.7,26.8,21.2,58.1,9.5,30.9,3,33,75.2,15.8,33.5,,13.6,32.4,3.1,18
541000,12.6,23.3,15.4,37.8,75.9,6.1,9.8,5.8,72.4,80.1,70.4,6.5,42.6,31.4,19.5,65.9,11,32.9,3.2,31.2,78.4,13.4,34.1,,12.7,36.5,3.5,15.3
566080,19.8,22.3,16.2,32.8,68.7,5.3,9.4,6,66,73.2,53.1,7.4,32.3,27.7,22.9,50.7,9.8,31.9,3,33.6,72.5,16.4,32.9,,14.5,36.7,3,23.1
600562,8.3,19.3,18.1,25.6,70,6.2,8.4,4.4,66.1,82.5,71.9,4.3,36.9,35.9,11.2,71.8,8.3,29,2.6,16.8,79.2,9.9,20.2,81.9,9.6,33.7,2.4,7.5
600884,14.1,15.9,13.4,26,71.8,5,7.1,4.9,68.8,82,58.9,3.9,25.9,32.3,11.3,61.1,11.5,33.6,3,22.2,77.6,10,17.7,78.9,10.8,37.9,2.7,9.2
602000,17.2,15.9,19.3,26.4,65,4.9,8.4,4.6,64.9,78,63.5,4.8,36.7,30.2,13.7,60.4,9.9,32.3,2.8,22.2,78.8,13,22.9,81.9,11.8,34,2.5,12.3
602252,13.4,19.6,18.4,26.2,68.3,5.4,9.9,4.8,65.1,78.9,67.3,5.6,32.3,31.8,15.4,67.5,9.7,28.7,2.9,21.5,78.6,13.9,27.7,83.1,12.4,35.9,2.8,12.7
602364,13.1,26.1,17,32.5,72.3,7.2,9.6,6.7,70.1,80.5,64.2,7.4,29,30.3,16.2,60.1,11.9,33,3.5,25.3,80.9,14.1,30.9,83,14.3,37.7,3.7,15.7
603526,16.9,19.8,17.9,29,66.8,5.2,9.7,5,64.5,77.2,62,5.8,32.5,27.7,16.9,60.9,9.9,30.2,3,25.1,80.2,14.6,29.2,83,13.2,37.2,2.9,15.2
603666,23.2,14.9,17.7,24.1,64.5,4.1,8.3,4.5,64.5,78,55.3,4.2,22.4,28.5,13.7,54.3,11.1,31.1,3,25.1,78.1,13.1,25.3,83.1,12.7,37.7,2.5,12
604982,17.5,16.7,18.2,25.4,65.8,4.8,9.2,4.6,66.3,79.5,60.5,4.9,26.6,32.3,14.6,58.6,9.9,30.6,2.9,22.7,79,13.2,25.8,84.5,12.2,38.2,2.7,11.7
606000,8.3,15.6,20.7,21.1,65.3,5.1,8.9,3.4,62.6,74.6,75.4,3.5,38.2,36.6,10.5,70,6,24.6,2.3,15.2,81.5,11.5,20.4,83.2,8.2,32.2,1.9,6.7
608786,14.3,16.2,17.8,27.3,67.7,5.1,8,4.7,66.6,79.6,63.4,4.6,37.3,31.4,12.9,62.8,10.4,33.4,2.8,21.4,78.5,12,20.8,80.1,11.2,34.2,2.6,10.9
608954,10.2,18.3,19.6,24.5,68,6.2,8.7,4.7,66.8,82.6,67.7,4.9,32.2,37.4,12.4,69.1,8,31.7,2.7,17.8,79.3,11.3,22,85.6,10.5,34.1,2.5,8.5
611194,6.6,20.4,20.9,27.2,69.7,7.4,8.2,4.5,69,85.4,75,4.4,33.6,37,10.1,78.3,7.4,30.6,2.6,14.5,81.9,9.7,20.4,87.5,9.4,30.1,2.3,6.2
611530,14.9,17.9,15.6,28.9,71.8,5.3,8.8,4.9,70.6,83,64.1,4.5,26,34.1,12.1,62.7,11.7,32.9,3.1,21.6,79.4,11.1,23.3,82.8,11.3,38.4,3,9.5
613014,10.2,18.1,20.8,23.6,64.8,5.5,10,4.5,63.9,73.2,70.4,5.4,36.5,29.7,15.3,64.8,7.1,27.8,2.6,19.7,78.4,15.1,25.1,84.4,11.3,32.7,2.4,12
613210,16,17.6,19.8,24.4,63.2,4.6,8.5,4,66.6,78.7,62.7,4.4,27.4,29.3,14.1,63.1,9.4,26.9,2.5,22.9,81.8,12.6,28.3,83,11.3,38.2,2.3,12.4
613214,9.4,16.7,18.1,23.2,66.1,4.8,7.5,3.4,69,83.1,66.1,3.4,31.1,34.3,10.3,71.9,8.5,27.3,2.2,18.4,82.5,9.8,22.4,81.8,8.9,36.9,1.9,7.7
613392,16.2,17.4,18.8,27.3,66.6,5.1,8.3,4.5,67.1,80.7,65.6,4.5,25.8,29.1,12.6,66,10.4,29.4,2.9,21.2,80.7,11.9,24.1,85.4,11.9,34.4,2.5,10.8
613588,10.4,23.1,20.4,30,67.6,6.8,10.7,5.5,65.7,79.1,72.5,6.5,32.5,28.4,15.7,65.9,9.2,30.9,2.9,20.9,78.7,14.1,30.4,82.6,12.8,35.3,3,11.8
614218,11.2,19,18.3,26.9,66.9,6,9.7,4.9,64.4,79.2,67.2,5.5,37.4,32.6,14,68.7,8.8,29.6,2.8,20.1,78.8,12.7,26.2,81,11.5,33.5,2.7,12
615044,24.8,17.9,17,30,67.3,4.2,10.9,5.3,67,76.6,55.8,6,19.4,26,17.9,47.7,12.7,30.6,3.6,28.2,81.2,16.2,32.7,86.1,15.3,41.5,3.7,19.8
616000,12.1,19.6,19.1,24.6,68.5,6.1,9.1,4.7,64.5,80.1,70.2,5,36.1,35.2,13.3,70.7,8.6,29.2,2.7,19.1,78.4,12.4,24.7,83.3,11.1,33.3,2.5,10
616350,14.4,18.5,20,25.9,64.8,4.8,8.6,4.2,64.9,79.7,67.5,4.7,31.1,32.1,14.4,65.4,9.2,29.7,2.6,21.1,81.2,13.3,27,84.4,11.5,38.4,2.3,12.1
616532,13,15.6,22.1,24.4,63.2,5.1,8.6,4.2,63.8,78,67.5,4.7,40.6,33,13.4,66.2,7.9,30.6,2.5,18.9,79.6,12.7,22,83.8,10.6,32.2,2.3,10.6
617918,11.4,16.2,13.9,27.2,70.4,5,7.1,4.1,66.4,81.7,64.9,3.4,32.8,33.7,10.3,69.6,10.3,29.6,2.6,20.3,79,9.4,17.1,76.2,9.3,34.7,2.3,8.3
619766,18.5,16.2,18.9,24.1,65.7,5,8.5,4.5,65.8,80.6,62.3,4.4,27.7,33.1,12.3,62.3,9.6,30.7,2.9,21.6,79.2,12.1,24.8,85.6,11.5,35.6,2.5,10.2
621712,14.3,21.5,19.7,30.2,67.6,6.1,9.9,5.7,66.3,77.6,64.9,7,26.8,29.3,17.9,60.6,10.1,31.1,3.3,22.9,79.7,15.2,26.9,85.1,14.5,35.3,3.2,14.7
622020,9.8,18.4,18.4,27.2,65.7,5.3,9.6,4,67,81.4,71.8,4.4,31.8,29.4,12.7,69,9.1,28.5,2.5,19.1,79.7,11.7,26.5,81.4,10.4,37,2.3,8.7
622230,25,16.1,15.4,26.4,66.8,4.2,8.5,5.4,64.6,76.2,51.3,5.1,21,26.8,16,48.1,12.8,33.2,3.4,28.4,76.6,14.3,25,80.6,14.6,39.5,3.1,15.2
622804,17.2,19.5,19.7,28.3,66.4,5.8,9.1,5.2,65.9,78.2,65.8,5.8,26.9,29.7,15.5,61.6,9.8,30.2,3.1,22.4,79.9,13.8,25.4,85.1,13.4,34.5,2.9,13.7
623182,12.8,20,18.4,28.7,67.2,5.5,9.7,4.7,65.3,79.7,68.5,5.2,34.1,34.1,15.1,66.2,9.4,29.5,2.8,21.7,79.3,13,27.9,82.7,11.7,37.6,2.8,12.9
624638,8.5,18.5,22.1,25.7,63.3,6,9.3,3.8,65.8,82.3,76.6,4.2,37.1,33.3,12,74.7,7.1,27.8,2.2,16.1,80.4,10.7,26.2,84.3,9.3,33.9,2.1,6.8
624680,19.7,17,19,24.7,62.3,4.1,8.8,4,66.1,77,58.5,4.5,24.4,26.3,14.7,57.5,10.1,26.4,2.7,25.5,82,13.9,30.8,83.3,12.3,39.5,2.4,16.4
626000,8.4,15.4,17.6,22.1,67.5,5,7.2,3.4,65.2,82.3,70.7,3.1,36.4,36.6,9.6,72.4,7.5,26.7,2.2,15.7,78.7,8.5,16.9,80.2,7.9,34.6,1.9,6.7
627000,18.9,18.4,16.1,28.7,66.1,5.1,10.1,5.6,63.2,74.4,59.3,6.1,31.9,27.5,16.8,55.4,11.2,29.9,3.3,26.1,78.6,15.3,30.2,79.7,14.2,36.5,3.2,17.9
628000,12.5,16.1,18.8,26.1,67.3,5.4,8,4.5,66.3,79.6,66.5,4.4,40.2,33.1,11.8,66.3,9,32.4,2.7,19.2,79.3,11.6,20,81.5,10.3,32.5,2.4,9.3
629000,16.1,16.3,16.5,28.2,68.4,4.9,7.9,5,66.4,78.6,60.2,4.9,34.4,29.2,14,58.4,11.5,34.4,3,23.6,77.1,12.4,20,77.6,12.1,35.7,2.8,12.9
630000,10.5,20.3,17.7,26.9,70.8,6.7,9,5.6,67.7,82.2,66.1,5.9,31.4,36.6,13.6,66.4,9.3,34.1,3.1,19.6,78.3,12,22.1,84.2,11.9,34.6,3,10
632548,18.8,16.2,17.9,26.5,64.9,4.3,9.9,4.3,67,79,59.3,4.8,24.4,30.5,15.4,55.3,10.3,29.4,3,23.6,80.5,14,28.6,85.8,12.6,39.9,2.8,12.9
633000,15.1,17.5,19.1,25.2,66.2,4.9,8.8,4.3,63.9,77.8,66.3,4.4,31.5,31.1,13.7,61.9,9.2,27.1,2.8,20.8,78.2,12,24.2,81.2,10.9,36.7,2.5,11.6
633182,16.5,29.6,15.3,37.6,75.7,8.4,9.6,9,69.4,80.6,66.8,9.1,29.7,29,17,57,13.8,38,4.4,27.1,79,15.1,30.1,83.5,16.7,37.7,4.7,18.9
633434,17.8,22.3,18.1,29.1,67.1,5.5,9.6,5.8,66.7,76.6,58.5,7,25.5,26.4,18.1,54.4,11.5,30.3,3.3,27.7,80.7,15.8,32.8,82.9,15,39.3,3.3,19.5
636000,8.8,18.5,20.8,27.3,68.7,6.6,8.4,4.7,67.2,82.6,72.1,4.8,43.7,36.5,11.8,72.5,8.3,34,2.6,16.8,79.7,11,20.3,83.6,10,30.7,2.5,7.7
636448,21.5,21.9,17.7,30.4,68.6,5.8,8.8,5.9,65.4,78.5,66.2,6.1,30.7,30.7,15.7,57.2,12.1,33.4,3.4,25.9,80.4,14.8,30.8,84.7,14.4,38.3,3.1,14.5
636546,19.4,18.9,16.6,31.4,69.6,4.8,10.7,5.1,69.8,80.5,61.4,5.5,22.3,29.9,15.8,54.4,12.4,31.2,3.5,25,82.5,14.4,31.8,87.2,13.8,41,3.6,14.3
636770,7.4,13.2,19.2,21.8,64.8,4.8,7.4,3.2,66,80.4,71,3.2,43.2,36.4,9.3,73.7,6.8,29.5,2.1,14.9,80.7,9.7,15.8,81.7,7.7,31.5,1.8,6.3
639496,9.1,16.5,21.5,24.9,65.9,5.6,8.2,4,66.2,82.5,70.7,4.3,41.9,34.5,11.1,73.1,7.8,32,2.4,16.4,80.3,10.7,20.1,84,9.5,31.1,2.2,9
639892,11.4,17.8,18.9,24.9,67.9,5.8,8.7,4.5,67.8,83,66.5,4.6,31.2,37.7,12.4,68.1,8.6,31.5,2.7,18.6,79,11.2,22.1,84.4,10.5,35.8,2.5,8.2
640130,16.4,18.3,19,27.2,66.3,5,10.1,5.2,66,78.1,59.7,6.2,25.9,31.1,17.2,56.3,10,31.1,3.1,23.6,79.1,14.9,28.3,85.4,13.5,38.8,3.1,15
641992,8.9,19.4,22.5,23.8,65.9,6.1,8.9,4.1,63.4,81.5,72.6,4.5,38.1,37.1,12.6,72.4,7,27.6,2.4,16.2,79.3,11,23.1,84.6,9.8,32.7,2.2,8.1
643000,15.8,16.8,18.4,25.1,66,5,9.3,4.6,66.2,79.4,62.7,4.9,29.1,34.8,14.3,60.2,9.4,30.5,2.9,21.5,79.6,13.1,24.9,84.7,11.9,37.4,2.7,10.6
644000,17.6,16.8,18.2,25.4,66.5,5,9,4.8,65.7,79,61.5,5,28.1,33.3,14.2,58.8,10,31.1,3,22.4,79.5,13.2,25.2,85,12.3,36.8,2.8,11.6
644574,28.2,15.3,18,25.1,61.7,3.6,9.9,4.6,63.1,74.6,51.5,5.1,18.9,24.5,17.2,46.4,11.4,29.8,3.3,28.4,79.7,16.3,31,85.3,15,39.7,2.8,18
645484,14.4,21.5,20.7,27,67.8,5.6,9.5,5.1,66.7,78.7,66.2,6,36,31.1,15.8,63.8,9.5,31.6,2.9,23.5,80.4,14,30.8,84.7,12.6,35.1,2.8,14.2
646842,12.9,25.7,17.9,32.7,73.3,7.6,8.9,6.7,68.6,82.3,70.8,6.7,32.3,32.7,14.2,65.7,11.2,34.9,3.5,22,79.8,12.9,27,84.3,13.1,36.7,3.5,13.6
646898,19.5,19.7,17,29.3,66,5,9.7,5.8,63.1,73.7,61,6.5,27.5,24.1,17.9,51.9,11.6,31,3.5,27.8,79.5,16.2,29.7,81.9,15,37.6,3.3,19.3
647766,10.2,12.5,13.6,23.8,67.6,4.4,6.7,3.4,63.2,81.8,68.2,3,33.6,34.1,10,70.2,8.8,28.5,2.2,17.6,78.5,8.8,15.6,77.5,8.4,34.2,2,7.3
648256,7.5,19.2,20.6,27.5,69.8,7.1,8.2,4.7,68.5,84.6,73.5,4.6,45,37.4,10.4,76.1,8.1,34.5,2.6,15.6,80.2,10.1,19.6,84.3,9.5,29.6,2.4,6.8
648354,14.6,22.1,19,28.8,68.7,6.1,9.7,5.8,65.7,78.6,65.1,6.5,33,29.6,16.5,61,10.6,31,3.2,22.9,78.6,14.9,25.9,84.8,13.7,36.1,3.2,15.2
649270,18.6,18.6,18.8,28,64.7,4.3,9.5,4.4,65.1,77.2,63.1,5.1,26.8,28.5,16.6,57.2,10.7,29.5,2.9,24.6,81.5,15.3,30.7,84.3,13.2,41.1,2.7,15.6
649670,8.2,13.6,17.6,22.4,65,5.3,7.5,3.4,61.4,82.5,74.2,3.1,38.7,36.6,9.1,75.4,6.6,26.8,2.1,14.3,80.9,8.9,18.7,84.4,7.8,30.2,1.8,6.3
650076,10.6,20.2,20.4,26.6,67,5.8,8.7,4.4,66,81.2,70.5,4.9,34.7,35.6,13.9,69.6,8.5,30.4,2.6,19.1,80.8,12.6,25.5,84.7,10.8,37.3,2.4,10
650258,12.9,21.4,19.1,28.2,68.8,6.8,9.2,5.3,67.7,80.6,69.3,5.7,37.9,30.3,13.5,70.2,9.1,32,2.9,20,76.7,12.6,26.3,83.9,11.8,32.7,2.8,11.2
651182,5.5,19.3,20.8,27.4,71.4,7.8,7.9,4.8,69,85.4,76.5,4.2,47.5,39.2,8.5,79.2,7.3,34.6,2.6,13.4,81,9,18.2,85.6,8.4,27.5,2.3,5.5
652526,19.9,16.1,18.1,24.9,66.2,4.7,8.5,4.7,65.7,79.6,59.2,4.5,25,31,13.3,58.7,10.6,31.3,3,23.2,78.5,12.6,25,84.2,12.2,36.9,2.6,11.1
653000,13.7,19.3,18.3,28.6,69.3,5.3,9.7,4.8,65.7,78.8,67.6,5,30.5,29.9,14.6,60.6,10.2,27.9,3.1,21.3,80.6,12.6,26.8,83.6,11.8,37.3,3.1,13.5
653322,13,20,20.1,28.5,68.4,6.3,8.9,5,67.4,80.3,68.7,5.4,29.1,32.2,13.7,67.6,9.3,30.3,2.9,19.7,80.3,12.5,23.8,85.4,12,33.4,2.8,10.4
653896,20.3,17.8,18.9,25.3,63,4.4,8.8,4.3,65.9,76.6,58.4,4.8,24.9,26.7,15.1,56.3,10.4,27.2,2.8,26,81.6,14.2,31.1,83.1,12.8,39.1,2.5,16.2
653980,12.8,16.5,21,25.7,65.8,5.5,8.4,4.4,65.4,79.5,67.9,4.7,40.2,33,12.6,67.1,8.5,32.1,2.6,18.9,79.4,12,21.3,83,10.5,32,2.4,10.2
654652,22.5,17.9,17,27.3,63,4.5,9,4.9,62.6,76,62.3,4.9,27.7,28,15,56.3,11.4,30.1,3.1,25.3,79.2,14.6,26.1,84.1,13.4,37,2.6,14.7
655156,19.2,17.4,18.6,26.1,64.8,4.6,9.9,4.8,65.4,78.1,58.6,5.7,25.2,30.5,16.6,55.6,10.3,30.9,3.1,24.4,79.3,15,28.5,85.3,13.8,38.6,2.9,14.5
656000,11.9,17.2,18.3,25,68.9,5.8,8.5,4.6,67.6,82.5,67.7,4.3,31.3,36.7,11.2,67.7,8.7,31.1,2.8,18.1,80.7,10.8,22.3,86.2,10.2,34.5,2.6,8.1
656700,23.4,17.2,18.9,26.8,61.5,3.7,9.3,4.3,63,74.8,58.4,5,23.6,24.8,17.5,52,10.9,28.6,3,27.1,81.2,16.4,32.4,84.4,14,41.6,2.6,18.7
657792,6.3,18.7,20.4,23.3,67.9,6.4,8.1,3.8,65.5,84.6,75,3.7,40.5,39.8,9.5,77.6,6.8,28,2.3,14,80,8.9,19.8,84.1,8.3,31.5,2,6
658072,21.9,15.7,18.1,24.8,64.4,4.3,9.1,4.7,64.4,76.9,56.9,4.9,23.8,29.6,14.9,54,10.6,30.4,3.1,24.7,79.2,14.2,27,84.4,13.2,37.9,2.7,13.5
659451,11.1,18.4,20.1,24.4,65.1,5.2,8.5,3.8,68,81.1,66.8,4.2,31,32.8,12.5,68.9,8.4,27,2.4,19.8,82.7,11.6,26.7,84,10.1,36.9,2.2,9.9
659920,9.3,26,18.6,30.9,71.3,7.6,10,6.6,63.1,79.1,66.8,7.3,35.4,29.6,16.5,59.9,9.8,32.9,3.3,20.4,76.5,14.3,26.7,82.8,13.5,31.6,3.4,14
659962,11.2,21.7,18.5,27.1,69.3,6.5,8.8,5,69,80.7,67.8,5.2,32.7,33.2,12.7,67.9,9.4,29.7,2.9,20.9,82.2,12.2,26.7,83.7,11.3,35.4,2.7,10.4
660018,6.8,16.1,21.6,21.4,65.5,5.9,8.2,3.6,66.6,85,72.2,3.6,35.9,42.8,9.9,77,6.3,29.7,2.2,13.7,80.6,9.4,19.7,87,8.1,32.5,1.9,4.9
660102,12.4,17.8,18.8,25.8,65,5.7,8.4,4,63.4,81.5,69.7,4.2,37.6,36.3,11.6,71.7,7.9,27.9,2.5,18.6,81.2,11.1,23.3,84.2,10,31.7,2.2,8.4
660466,21.1,19.1,18,27.5,65,4.5,9.5,4.7,67.2,76.7,58,5.3,23.3,25.2,15.9,54.1,11.5,27.8,3.1,27.5,82.1,14.9,33.1,83.5,13.7,40.2,2.9,18.9
660620,16.5,19.6,16.5,28.5,70.4,5.2,10,5,66.5,78.8,66.6,5.4,29.8,29.8,15.1,63.1,11.3,29.1,3.2,23.3,80,13.8,28.9,83.1,12.9,37.2,3.2,14.6
662000,16.6,18.8,19.5,26.4,65,4.9,9,4.5,64.5,76.8,66.2,5.1,30.3,30.9,15.2,60.8,9.5,29.7,2.8,22.6,81,14.5,27.7,83.9,12.3,38.7,2.5,13.9
662938,8.4,20.7,19.2,26.9,68.5,6.7,9.1,4.8,64.9,81.4,72.9,5.1,39.2,34.9,12.5,71,7.9,31,2.7,16.7,79.7,11.4,21.7,84.6,10.3,31.1,2.5,9.4
664000,13.4,19.9,17.8,29.8,66.9,5.5,10.3,5.1,66.3,78.1,68.6,5.6,29,25.8,15,60.5,10.7,29.6,3,22.8,79.7,13.8,30.2,81.6,12.6,37.8,3,13
664224,25,17,17.8,26.2,62.7,4.4,9.3,4.9,60.8,73.5,53.9,5.3,27.3,24,16.8,52.4,10.9,29.9,3.1,27,75.8,15.7,27,82.9,14.6,35.2,2.7,16.6
665000,22.5,21,16.5,30,66.3,4.7,10,5.8,66.8,74.3,53.9,6.8,22.4,23.3,18.9,47.8,13,29.6,3.6,31,81.5,17,35.1,82.7,16.2,41.3,3.6,22.9
665042,11.2,22.2,18.2,28.7,67.7,6.7,9,5.2,65.7,81.8,72.1,5.4,35.9,35.4,13.1,70.7,9.2,32,2.9,19.1,80.2,12.3,23.1,85.9,11.4,33.3,2.7,9.3
666000,11.8,16.9,20.5,25.7,66.1,5.4,8.4,4.1,66.5,79.6,69.5,4.3,29.6,33.2,12.4,69.1,8.4,28.1,2.6,18.1,81.2,11.6,21.8,85.3,10.4,33.3,2.3,8.9
667000,9.3,16.1,20.8,24.7,68.9,5.3,7.8,4.2,66.8,80.7,66.1,3.8,32.7,29.7,11.4,69.7,8.6,29.1,2.5,16.7,79.8,10.2,17.8,82.4,9.3,30.4,2.3,9
668000,12.6,14.5,15.7,24.9,66.4,5,7.8,4,62,80.7,69,3.8,34.4,33.3,11.5,68,8.8,28.7,2.5,18.6,79.3,10.6,20.3,81.3,9.9,32.9,2.2,9.1
668084,12.9,20.3,16.9,28.3,70.7,6,8.7,5.2,66.4,80.6,67.1,5,32.7,31.8,13.4,64.1,10.2,29.8,3,21.1,78.1,11.3,23,80.3,11.5,36.2,2.9,11.3
668196,13.2,18,20.8,26,65.7,5.7,8.7,4.4,66.1,79.7,69,4.9,28.7,32,13.3,68.2,8.4,28.5,2.7,19,80.4,12.3,22.9,85.8,11.2,33.3,2.4,10.8
668252,10.3,18.9,17.4,27.2,68.4,6.3,8.1,4.4,65.2,82.9,70.1,4.2,37.6,36,10.7,73.2,8.4,29.1,2.7,18.1,80.7,10.2,21.3,82.9,9.7,31.5,2.4,8.1
668378,6.1,15.5,18.7,20.1,66.6,5.3,7.7,3.1,65.5,84.7,74.9,3,39.9,40.5,8.7,81.3,6.5,26.6,2,13.5,80,8.7,18.5,83.8,7.4,31.9,1.7,4.9
669000,25.5,14.5,19,26.1,61.4,3.9,8.6,4.6,62.4,73.8,55.5,4.8,30.1,25,15.8,50.3,11.3,31.6,3.1,26.8,78.1,15.1,26,81.5,13.8,35.8,2.6,16.2
669070,12,18.8,19.6,25.5,69.1,6.5,8.8,4.8,65.1,80.1,70.1,4.8,34.5,32.7,11.9,70.9,8.3,30.4,2.8,18.2,78.6,11.5,25.7,84.2,10.5,27.2,2.5,9.4
669084,8.9,13,16.6,22.1,64.9,4.9,7.4,3.4,61.5,81,72.1,3.2,37.2,35.2,9.7,73.4,6.9,26.4,2.1,15.4,80,9.3,17.5,82,8,31.5,1.8,7.5
669088,10.8,17.4,20.8,23.2,65.8,5.7,8.8,4.2,66.2,82.3,68.1,4.6,32.9,39.3,12.5,70.1,7.5,30.7,2.5,17.4,79.4,11.5,22.4,85.8,10.2,34.4,2.2,7.6
669196,25,17.9,18,26.6,65.3,5,9.6,5.4,62.1,73.6,58.4,6,26.8,25.8,17.1,53.4,10.8,30.4,3.3,26.9,75.5,15.6,30.8,81.7,14.7,31.6,3,18.9
670000,7,17.6,20.3,23.3,68.5,6.6,8.4,4.3,67.2,84.2,72.1,4,35.4,40.4,9.9,75.3,6.8,30.8,2.5,14.4,81,9.7,20.3,87.7,8.8,31.7,2.2,5.7
670098,11.9,22.3,19.2,25.6,68.6,6.8,9.4,5.1,64.9,80,70.2,5.6,36.5,33.3,13.5,65.7,8.5,29.6,2.9,19.1,76.7,12.9,25.2,83.5,11.6,33.6,2.7,10.2
672016,9.8,20.5,19,26.7,66,6.1,8.9,4.4,65.2,82,72.7,4.9,35.9,36.7,13,72.6,8.4,30.8,2.5,18,80,12,21.6,85.1,10.5,33.8,2.3,8.6
673080,28.1,15.4,18.2,24.4,62,4,9.1,4.8,62.9,76,52.9,4.8,20.9,25.9,15.3,49.6,11.5,30.9,3.2,27.3,78.9,15.1,29.4,85.2,14.5,37.8,2.6,14.3
675000,18,20.9,17.2,29,69.6,5.1,9.5,5.7,67.6,76.6,61.6,6.1,31.4,27,16.2,56.1,11.8,32.3,3.4,27.2,80.9,14.7,31,82.8,13.9,37.6,3.3,17.8
677000,8.5,13.5,15.6,22.8,66.5,5.3,7,3.4,62.6,83,73.4,3,39,37,8.9,74.9,7.1,27.4,2.2,14.9,80.3,8.4,17,82.2,7.8,31.1,1.8,6.2
678120,10,19,21.3,25.1,65.1,5.3,8.6,3.9,65.3,81.3,70.9,4.5,35.3,36.6,13.6,71.3,7.9,29.5,2.4,18.1,81.2,12.4,25,84.8,10.3,37.1,2.1,8.9
678582,7.9,22.3,17.8,28.3,69.3,7.2,8.6,4.9,67.4,84.5,75.3,4.8,38.3,38.2,10.8,75.7,8.5,32.5,2.7,16.3,80.6,10.6,20.4,86,9.9,31.8,2.5,7.4
680000,8.5,17.6,16.7,25,71,6.3,7.7,4.5,69.5,85.3,68.3,4,33.3,39.9,9.8,72.7,8.6,32.9,2.6,16.7,79,9.1,17.9,83.1,9.2,34.4,2.4,6.2
680238,13.4,18.4,21.1,24.3,65.1,4.8,9,4.1,66.6,79.7,66.8,4.7,35.7,31.7,14.1,67.2,8.6,29.2,2.5,21.6,81.2,12.7,28.8,84.8,10.9,35.6,2.3,11.9
680812,14.4,21,19.8,27,67.7,6,9.6,5.5,65,78,66.1,6.1,34.1,30.6,15.7,63,9.7,29.9,3,21.8,78.2,14.5,24.7,84.9,12.9,35.1,3,14.9
680854,13.1,14.7,19.8,24.2,64,4.8,8,3.8,65.1,79.9,67,4,39.9,33.2,11.9,66.4,8.3,30.8,2.5,18.8,79.6,11.5,20.5,82.7,9.9,33,2.1,9.7
681204,11.3,16.1,16.4,24.4,69.2,4.8,7.5,4,65.6,80.6,67.4,3.5,32.1,32.7,11.1,66.7,9.3,28,2.5,18.9,77.9,9.6,18.4,78,9.3,36.5,2.3,8.6
681344,12.3,21,18.4,27.1,68.5,6.1,8.6,4.8,69.1,81.2,66.6,5,31.6,32.3,12.8,65.6,9.6,29.4,2.8,21.5,82.1,12,27.5,83.6,11.2,36.6,2.6,11.5
681554,11.3,20.8,20.6,28.6,66.3,5.9,9.6,4.8,64.4,80.4,70.8,5.4,35.9,36.7,15.5,70,8.6,29.8,2.7,20.3,79.3,12.7,28.3,83.9,11.4,36.2,2.7,10.8
681666,12.4,21.4,15.8,32,70.9,5.7,9.5,5.3,67.6,81.2,67,5.5,31.5,31.9,14.7,64.4,11.3,31.6,3.2,23.1,79.6,12.5,27.7,81.3,12.3,38.8,3.2,13.5
682590,18.1,20.6,18.1,28.9,65.8,4.9,9.7,5.3,67.2,76.4,58.2,6.2,24.5,25.7,17.9,53.5,11.4,28.6,3.2,27.5,81.5,15.5,33.5,83.4,14.3,40.7,3.2,19.5
682954,15.6,19.4,18.8,28,67.5,5.8,9.3,5.5,63.3,78.1,64.3,6,36.5,28.4,14.9,60.9,9.8,31.2,3.1,24.4,77.8,14.5,28.9,85,13.4,32.8,2.9,14.5
682996,16.4,18.2,21,26.7,64.6,5.3,9.1,4.6,65.2,77.5,65.5,5.3,27.2,30.1,15.1,63.1,8.9,28.6,2.8,21.2,80.1,13.6,25.1,85.4,12.4,34.5,2.6,12.5
684200,15.1,16.2,16.8,24.9,69.1,5.2,7.8,4.5,67.8,82.3,63,4,28,34.5,11.1,64.7,10.1,31.9,2.8,20.6,78.8,10.6,21.2,83,10.6,36.1,2.5,8.7
684550,14.1,17.8,14.7,30.5,71.9,5.5,7.7,5.7,68.1,79.9,60.7,5.3,34.1,29.1,13.7,58.4,12.7,36.6,3.2,23.9,76.6,11.8,18.5,75.9,12.4,35.9,3.2,13.2
685292,16.2,17.2,19.2,24.5,66.8,5.6,8.4,4.7,66.3,81.8,65,4.5,30.1,35,11.7,65.9,9.3,31.4,2.9,20.3,79.7,11.6,24.6,86.5,11.2,34.3,2.5,8.7
803455,10.7,23.5,19.8,26.1,70.6,7.1,9.4,4.8,58.5,80.1,66,5,35.5,39.5,15.2,70.5,7,33,2.6,18.6,76.1,11.2,21.6,82.7,10.1,26.8,2.5,8.8
804000,16.3,21.2,16.6,26.4,66.2,5.3,9.6,4.4,62,77.2,60.2,5,35.3,33.2,18.1,62.8,8.4,30,2.7,22.5,73.3,13,27,81.7,11.4,31.8,2.6,13.8
807850,9.4,14.4,19.8,16.9,60.6,4.7,9.1,3.1,56.6,71.2,65.7,3.4,41.5,37,12.2,69.9,4.6,23.9,2,12.6,71.8,11.9,15.1,82.1,8,24.2,1.7,7.9
812815,7.6,22.7,17.3,25.1,68.9,6.8,8.5,4.1,64.4,83.8,68.1,4,42.7,40.7,12.3,77.7,6.6,31.5,2.3,15.6,74.7,9.6,21.5,83.2,8.7,26.7,2.1,6.8
816000,12.1,21.8,15.8,25.4,68.7,6.2,10,4.7,61.8,76.8,65.8,5,34.7,29,16.7,66.8,7.1,30.7,2.6,20.3,73.5,12.8,23.2,82.2,10.7,30.3,2.5,11.6
820000,15.3,17.5,24,24,64.7,5.4,9.4,4,56.6,77.1,64.2,4.2,38.3,32.1,15.7,65.3,7.1,27.5,2.5,19,75.3,11.7,21,85.2,10.2,28.4,2.4,11.5
827425,10.5,16.4,22,20.2,60.9,5,9.4,3.5,56.2,71.7,66.1,4.1,40.3,31.5,14.6,66.7,5.1,24.7,2.1,16.4,74.2,12.7,21.2,80.3,9.1,26.6,1.9,9.4
832155,17.7,19.9,16.9,26,65.4,5.4,9.7,4.8,56.8,72.8,58.4,5.2,35.8,31.2,16.9,56.7,7.7,29.4,2.7,24.3,70.7,14,30.9,79,11.4,29.1,2.6,14
843000,12.6,22.7,19.5,26,70.4,6.8,9.4,4.9,57.9,78.5,64.1,5,34.3,37.9,15.2,67.7,7.3,32.4,2.7,19.5,76.2,11.5,21.8,82.5,10.4,27.1,2.6,9.7
845970,13,20.3,17.1,23,66.6,6.3,9.1,4.6,60.2,78.9,61.8,4.9,38.6,35.4,14.8,67.3,7.2,29.4,2.6,16.1,69.6,11.4,18.2,82.3,10.8,26,2.5,10.9
846465,10.7,23,19.4,26.7,68.5,7.2,9.3,5.1,60.8,79.1,66.9,5.5,40.3,32.1,15.4,68,7.1,30.2,2.7,18.3,72.7,11.6,22.9,80.6,11,26.7,2.7,9.9
862000,20.4,27.4,14.6,31.6,71.4,6.8,9.7,6.8,63.6,76.2,52.4,6.6,24.3,30.9,18.9,57.5,11.8,34.3,3.7,29,72.9,14.3,31.3,81.3,14.9,34.2,3.7,17.7
877290,15.9,19.3,19.6,21.5,61.5,4.8,9.8,3.7,56.9,75.7,63,4.5,36.9,31.3,18.5,64.1,7,29.7,2.3,21.4,72.7,12.6,27.7,84.1,10.5,31.5,2.1,13.4
883835,12.6,20.4,20.2,22.6,65.3,5.6,9.5,4,57.4,77.6,65.2,4.5,37.9,34.9,16.2,68.7,6.7,30.6,2.3,19.2,74.5,11.6,24.2,83.5,9.8,29.1,2.2,11
908000,19.3,20.1,15.6,29.8,71.6,5.2,11,5.4,69.3,79.6,63.6,6.3,26.7,26.1,18.2,61,10.8,28.9,3.2,29.1,82.9,13.9,29.2,,12.7,40.2,3.3,14.1
918430,14.3,19.5,18.1,25,70.1,5.9,9.9,4.7,67.3,81,69.7,5.6,33.6,31.9,15.9,70.9,7.8,28.7,2.5,23.5,81.6,12,23.3,,10.5,36,2.5,9.8
937000,20.4,21.1,12.9,33.7,72.1,4.5,11.9,5.8,74.5,80,59.3,6.8,24.9,24,19.3,60.6,13.4,30.8,3.5,33.8,84.5,16.7,36.7,,14.5,40.9,3.6,20.3
950370,16.6,22.2,14.4,30.8,72,5.7,10.9,6,73.1,80.6,63.6,7,31.3,28.5,18,67.4,10.7,31.8,3.1,30.2,82.6,15.5,31.6,,13.2,36.8,3.2,16.6
952000,15.4,20,17.3,30.3,72.1,4.8,11.8,5.1,72,79.8,68,5.9,26.7,26.4,17.6,66.3,10.6,27.6,3.1,29.4,84.7,14.6,34.1,,12,40.5,3.1,16.9
955990,12,20.2,17.6,26.4,72.4,6.4,9.5,4.7,69.3,84.2,72.2,5.1,34.7,33.8,13.6,74.3,8.1,29.4,2.6,21.6,82.8,10.5,23.5,,9.6,35,2.5,8
973000,11.9,19.4,17.4,25.7,72.3,6.3,9.2,4.6,69.2,84,72.7,4.7,35.3,33.4,12.6,74.8,7.9,28.8,2.5,21,83.1,10,22.5,,9.2,34.6,2.5,7.8
980000,17.1,25.5,15.9,34.5,75.3,6.4,11.9,7,72.6,81.5,66.1,8.1,27.2,26.7,20.3,63.9,12.4,32.7,3.7,33,82.5,15.6,35.7,,14.9,40.3,3.8,17.9
1077580,19.4,23.5,15.2,39.8,73.6,5.7,12,6.3,76.3,79.2,59.5,8.1,31.9,30.7,22.5,52.7,14,32.2,3.7,37.8,82.6,16.9,39.3,83.7,15.8,43.1,4.3,21.6
1150000,8.3,16.1,23.5,28,73.4,4.9,10,4.2,77,79.9,67.4,5,31.7,27.8,16.2,74.7,8.4,28,2.7,23.7,82.1,11.4,25.5,87.3,9,36.4,3,14.4
1207300,15,24.4,15.5,30.6,75.4,8.2,7.6,6.9,74.4,84.3,69.5,7,37.8,37.4,13.7,77.5,8.9,34.5,2.9,24.4,80.7,11.1,21.3,85.1,11.4,34.5,3.1,7.4
1207875,22.4,26.9,13.5,36.2,76.1,8,8.7,8.4,75.7,82.6,63.3,9.4,33.1,32.7,19.3,66.4,11.8,35.1,3.6,32.2,79.7,13.7,26.6,84.4,14.9,39.9,4.4,13
1210275,20.9,26.2,16.6,34.2,76,7.5,8.2,7.7,73.1,82.4,65.4,9.2,36.1,34,18.3,63.3,11.2,35.9,3.2,29,78.9,13.9,28.1,82,14.5,33.3,3.6,13
1212875,21.1,28,17.9,35.8,76.6,8,8.6,8.1,73.8,82,64.9,9.5,34.8,34.3,19.6,59.9,11.2,35.3,3.5,28.8,77.2,14.1,29.1,78.4,14.8,38.2,4.1,16
1214400,20.2,19.5,18.2,28.6,70,5.4,8.4,5,71.4,82.1,61.4,6.5,33.9,29.6,15.8,66.6,8.5,30.9,2.6,26.9,82.7,13,24.7,81.5,11.9,36.6,2.7,12.2
1216475,21.2,19.7,18.2,28.2,70.5,5.8,8.1,5.3,70.7,81.4,61.5,6.6,34.4,30.3,15.3,66.2,8.5,31.5,2.7,27,82.3,12.8,23.8,80.9,11.9,35.3,2.7,12
1216725,24.1,26.5,15.1,37.5,76.7,7.8,9,8.5,74.4,82.1,60.6,9.9,32.3,27.5,18.6,59,11.7,36.2,3.8,32.7,81.3,14.2,27,80.5,15.5,37,4.6,17.1
1217200,24.9,25,16.2,34.2,72.3,6.5,8.9,7.2,69.6,79.3,59.9,9,26.4,33.6,22,55.6,11.9,35.8,3.3,31.2,80.1,15.2,33.4,79.5,15.1,38.1,3.7,17.7
1224000,22.1,23.3,16.6,35.1,74.4,6.6,8.8,7,73.4,82.3,61.6,8.4,34.3,29.8,18.1,61.2,10.8,34.3,3.3,30.1,82.8,13.8,27.4,81.6,14,37.4,3.9,14.3
1225175,21.1,15.6,18.1,25.1,63.8,4.1,9.1,4.2,66.3,69.7,60,6.1,35.8,34,17.5,56.8,7,25.5,2.4,26.1,80.9,16.6,28.5,79.5,11.2,37,2.4,15
1230000,42.6,21.9,13.1,34.4,76.5,5.7,7.1,8.9,73.2,80.4,45.3,7.7,19.4,17.4,17.9,50.9,17.8,37.3,4.6,41.2,82,14.9,34.2,81,17.9,33.9,4.3,18.5
1232000,25.5,23,16.1,33.7,73.8,6.5,8.4,7,72.5,82,59.1,8.2,32.3,27.8,17.4,60.4,11,34.4,3.3,31.6,81.9,13.8,26.9,81,14.4,36.9,3.7,14.8
1235000,20.7,22.8,17.4,33.1,74.1,6,9.4,6.2,72.9,80,62.9,8.4,33.5,28.9,21.7,57.4,11.2,31.3,3.1,30.9,79.9,14.6,32.7,83.4,14.2,38.2,3.6,18.4
1238250,22.9,28.3,14.6,38.9,78.1,7.9,9.1,8.9,73.9,79.8,67.5,10.5,35.1,31.9,20.4,56.1,13.1,36.2,3.9,32.5,82.4,15.1,34.8,83.2,15.7,35,4.7,18.7
1239425,20.4,31.4,16.7,38.6,79,9.2,8.7,9.6,74.9,82.9,64.6,11.1,33.7,33.2,19.9,58.6,12.2,37.7,3.9,30.2,75.7,14,28.7,77.1,15.9,37.7,4.7,18.3
1239550,27.9,24.8,13.3,41.7,75.6,5.8,10.9,7.5,77.6,80.9,56.7,9.8,26.1,23.2,22.4,50.1,14,33,4,37.4,84.4,16.7,34,82.1,16.8,44.3,5.3,22.7
1243975,19.8,28.2,17,36.4,76.5,7.9,8.5,8.4,73.3,80.8,61.3,9.9,34,28.5,19.8,57.7,11.6,35.8,3.6,31.7,76.4,14.5,30.5,78.6,15.2,35.3,4.2,16.8
1245000,35.4,20.4,14.6,32.8,75.1,5.4,7.6,7.8,73.2,79.9,47.4,7.5,20.5,18.2,18.6,53.3,15.2,34.2,4.1,37.2,83,14.7,33.1,82,16.1,34.8,4.1,19.4
1245025,24.6,18.2,17.6,27.4,72.6,5.7,6.8,6,71.9,81.9,56.6,5.7,27.8,24.3,15.2,66.8,10.4,31.8,3.1,28.2,83.4,11.9,27.5,83.3,11.8,31.2,2.9,10.8
1245060,29.5,22.2,13.7,38.1,76.1,5,10,6.8,78.4,80.5,52.4,8.5,20.1,20.2,23.2,52.5,14.7,31.8,3.9,37.3,85.5,16.5,37.5,82.7,15.8,41.2,4.8,21.6
1245975,24.9,17.4,16.9,30.3,69.5,4.4,8.7,4.4,73.5,82.5,60.3,5.5,29.4,27.4,15.6,63.5,9.8,28.5,2.7,29,84.6,12.9,28,83.3,11.7,39.9,2.8,12.6
1253000,24.2,19.1,17.1,29.7,68.5,5,8.8,5.3,70.3,78.5,60.2,6.9,29.3,28.2,18.5,58.8,10,30.1,2.9,29.7,80.8,14.5,29.9,84.1,13,37.6,3.2,17.7
1254000,21.8,27.1,17.2,36.4,75.1,7,8.8,7.6,73.1,80.7,59.7,9.5,32,27.9,21.4,55.1,11.9,35,3.4,32.8,76.9,15.2,32.7,79,15.5,37.4,4,16.8
1254200,19.7,29.2,14.8,37.2,79.5,8.5,8.6,8.8,76.3,83.7,67.7,10.2,35.7,31.2,19.9,65.2,12.4,37.1,3.7,30.2,79,13.9,29.4,78.7,15.3,34.5,4.4,15.8
1255775,23.1,21.1,16.3,31.7,74,6.3,7.9,6.2,73.7,84.1,61.9,6.5,31.6,27.1,13.4,66.6,10.5,32.5,3.1,28.5,82.7,11.7,24.8,82.2,12.3,35.8,3.3,14.1
1257425,18.8,21.1,17.5,30.5,72.9,6.4,8.2,5.6,73,83.7,64.8,6.6,35.3,31.3,14.4,68.6,8.8,32.1,2.8,25.9,83,11.9,24,82.1,11.6,35.4,3,11
1258050,26.3,25.7,15.1,37.7,75.6,7.3,9.1,8.4,74,81.3,59.2,9.9,32.5,27.4,19.8,56.5,11.9,35.9,3.8,33.9,81.6,14.8,28.3,80.6,15.9,38.1,4.6,17.5
1258715,22.3,25.8,16.3,34.1,73.2,7,8.6,7.5,70.4,81.3,66.4,9.1,31.3,34.6,20.4,63.4,11.1,36.3,3.3,31.1,81.2,14.2,31.8,83.6,14.7,37,3.8,15.1
1263000,19.3,26.1,18.6,34.9,75.4,7.2,9,7,74,82.1,64.3,8.7,34,33.9,19.7,60.4,10.9,33.3,3.3,27.8,78.2,14,29.8,79.2,14,39.8,3.9,16.1
1269700,24.1,22.9,15.7,34.5,74.5,6.4,8.8,6.8,74.2,82.6,59.7,7.9,30.5,26.2,16.8,61,11.2,33.2,3.4,31.3,82.5,13.5,26.9,81.3,14,38.1,3.9,16.2
1270600,19.8,16.2,18.4,25.1,64.8,4.3,9.4,4.1,69.6,72,72.2,6,37.2,41.2,18.3,63.3,7,25.7,2.4,25.5,84.7,16,30.9,84.3,11,34,2.5,12.8
1271000,23.6,22.7,17.5,32.8,71.3,5.7,8.9,6.1,72.8,79.4,58,7.6,30.1,28.3,19.7,55.5,10.6,32.6,3.1,29.4,79.3,15.2,30.7,81.9,13.9,35.6,3.5,19.4
1276600,24.4,23.7,14.4,33.6,73.9,6.5,8.7,7.2,74.2,80.9,63,8.3,31.9,31.5,19.3,65.4,11.6,33.1,3.4,31.8,81,14.1,27.4,84.8,14.3,40.6,3.9,12.9
1301052,26.4,24.8,11.9,40.6,77.6,5.7,11.3,7,77.7,79,59.1,8.8,29.1,26.3,23.7,51.9,14.9,32.3,4,39.8,83.7,16.6,40.6,84.7,15.1,47.1,4.9,25.2
1303440,21.8,17.6,16.1,26.1,69.6,4.3,9.8,4.5,71.1,71.4,59.7,6,32.9,29.9,19.1,59.2,8.3,25.9,2.7,31.4,81.9,16.1,29.3,80.9,10.9,37.3,2.7,18.7
1304000,19.9,17.4,18.4,30.3,76,4.9,9.4,4.9,72,79.9,62.6,5.7,29.1,31.3,17,62.1,10.3,27.5,3,28.3,83.8,12.5,29.9,84.9,10.4,38.4,3.4,19.3
1304204,23.7,23.2,14.1,37,78,5.7,10.3,6.5,78.1,79.6,60.3,8.1,34.4,28,22.1,59.8,13.4,32.1,3.6,35.8,81.7,15.1,37.8,83.9,13.7,42.5,4.2,22.6
1319000,22.5,24.8,14.5,36,77.6,5.8,10,6.3,75.6,80.5,60.1,7.6,29.2,30.3,21.6,59.3,12.6,31,3.5,34.9,81.6,14.5,37.7,83.9,13.2,41.4,4,19.6
1342425,12.4,15.8,18.4,23.5,75.1,5.6,7.2,3.7,70.8,86.1,66.5,3.9,38.6,42.3,11.3,76.8,7.1,29.4,2.1,20.9,81.7,8.7,20.7,82.6,7.6,33.3,1.9,7
1349000,26.8,27.9,11.6,41.3,80.4,6,11.2,7.9,79,79.4,57.9,9.8,27.7,26.8,24.2,49.7,16.3,34.5,4.4,41.5,82.2,16.7,41.3,83.9,16.2,43.6,5.5,29.1
1367284,16.8,17.9,19.4,25.7,75.2,6.3,7.9,4.5,70.2,84,68.6,4.8,38.7,41.4,13.4,73,7.6,30.3,2.4,23.3,81.8,10.2,24.4,84.4,8.9,32.7,2.3,8.3
1368516,16.5,16.5,19.5,24.7,73.8,5.9,8,4.2,70.2,82.6,68.6,4.5,38.7,39.9,13.1,71.9,7,28.1,2.3,22.8,82.2,10.2,24.1,84.7,8.3,33.4,2.2,8.7
1369000,22.7,23,14.6,36.1,76,5.5,10,6.1,75.6,78.8,63.1,7.2,30.1,29.9,20.6,56.4,12.1,29.9,3.4,34.1,83.6,14.4,35.9,83.7,12.6,41.3,4,21.7
1380508,22,21.6,15,32.9,75.3,5.4,9.8,5.9,73,78.9,59.4,7.3,32.9,30.8,21,58.6,10.9,29.8,3.2,34.4,81,14.6,38.2,83.2,12.6,39.1,3.5,20.8
15003,9.1,18.4,19.3,30.3,74.2,5.4,8.8,4.4,72.2,80.4,67.5,3.7,31.4,30.4,13.5,72.3,11.2,32.9,3,23.6,80.3,10.3,23.4,81.5,10.7,46.9,2.7,6.8
1608830,14.1,20.7,16.8,27.2,66.7,6.2,9.3,4.9,59.1,74.7,62,4.8,39.6,33.3,14,69,7.4,29.2,2.6,20.5,70.5,12.1,27.7,80.4,10.5,27.8,2.5,13
1652120,13.9,20,17.7,25.9,64.7,5.9,9.3,4.4,58.5,75.8,63.4,4.5,40.4,34.7,14.5,70.8,6.8,28,2.4,20,69.9,11.8,27.9,81.1,10.1,28.1,2.3,12.2
1656260,21.6,23.4,14.8,28.4,67.7,6,10.2,5.5,53.4,72.1,51.3,6.1,34.4,23.8,17.6,58.1,9.4,29.6,3.1,28.5,67.4,14.2,35.9,77.2,13.4,32.9,3.1,19.1
1702154,8.7,23.2,22.4,28.3,74.6,7.7,7.8,5.3,69.1,87.2,66.9,5.7,42,33.1,12.7,74.1,7.9,32,2.6,19.7,76.5,9.5,24,85.7,9.3,29.3,2.5,7.9
1703012,19.6,19.1,20.3,27.1,66.6,4.7,9.1,4.6,65.4,79.8,57,5.6,27.1,29.8,17.8,62,9.6,29.1,2.6,25.1,78.4,13.4,32.7,84.5,11.8,35,2.4,16.6
1706613,10.3,22,20.7,27,71.5,6,9.3,4.9,66,81.4,64,5.9,38.1,31.2,16.7,68.2,8.4,30.8,2.5,22.7,76,12.2,32.2,84.5,10.3,33.4,2.5,12.7
1707133,13.6,21.1,20.4,30.1,68.1,4.8,9.1,4.1,70.9,83.3,60.7,5,32.5,27.9,16,63.9,9.4,30.3,2.4,23.3,77,11.8,33.7,83.7,10.1,34.6,2.3,14
1712385,12.1,16.1,21.4,24.3,63.1,4.3,9.5,3.7,63.7,72.8,63.5,4.9,35.5,33.3,16.8,61.2,6.7,26.6,2.2,24,77.9,14.6,33.6,80.8,9.6,30.4,2,12.3
1714000,17.8,20,21.5,30.3,71.9,5,9.2,5.2,67.7,81.8,56.9,6.2,30.9,24.6,17.9,57.5,11,28.6,3.1,27.4,78.5,12.9,32.3,86,11.9,36,3.2,16.7
1714351,33,17.1,21.7,26.6,64.3,3.9,8.4,5.1,62.1,77,46.1,6,26.7,20.4,19.9,46.1,11.4,28.4,3.1,34.1,75.4,15.1,35.1,84.5,14.1,36.3,2.7,19.9
1718823,13.5,28.8,16.9,37.9,76.1,7.5,10.6,7.7,69.1,81.2,58.9,9.3,32,27.5,21.7,56.8,12.4,36.2,3.7,30.2,74.3,14.8,37.8,82.7,14.7,34.3,4.1,18.7
1723074,18.9,20.4,21,27.4,69.2,5.3,8.8,5,65.5,80.9,57.3,6,29.8,31.8,17.5,63.3,9.6,29.8,2.7,25.1,77.6,12.9,31,84.1,11.8,34.4,2.5,14.3
1724582,10,18.7,23.2,25.4,71.4,5.8,8.3,4.2,67.6,83.1,66.4,4.7,39.5,31,12.6,71.1,7.3,27.4,2.4,19.6,79.1,10.4,24.9,86.2,8.5,31.1,2.3,8.4
1738570,17.1,23.2,20.9,31.6,68,5.3,9.8,5.1,69.5,80.5,58,6.5,31.9,26.2,19.7,58.2,10,31.1,2.8,27.2,75.6,14,36.8,83.7,12.2,34.8,2.8,18.7
1751622,7.3,20.4,20.3,27.3,69.6,6,8.1,3.9,69.6,86.2,68,4.2,37.5,32.2,11.7,75.2,7.5,31.9,2.1,17,79.1,9.4,27.1,85.2,8.2,30.1,1.9,7.4
1757225,11.8,19.6,23.9,25.2,69.8,5.9,7.9,4.4,66.1,84.5,64.1,5.2,40.6,32.9,14.4,69.9,7.5,29.3,2.4,20.9,76.7,10.6,25.4,85.4,9.4,31.3,2.2,8.5
1759000,13.2,25.9,18.4,34.5,74.1,6.5,10.3,6.4,68.5,80.7,61.7,7.6,34.7,29.4,19.8,59.3,10.9,32.8,3.3,27.4,78,13.9,36.4,83.4,12.9,33.7,3.5,16.6
1765000,16.6,26.3,18.3,36.5,74.2,6.8,10.4,7.2,68.8,80.6,58.2,8.7,32.1,26.7,22.2,56.3,12.2,35.7,3.5,30.3,72.4,15,35.2,82.5,15.2,38.8,3.9,18.6
1768003,10.2,19.7,22.9,25.5,71.4,6.1,7.7,4.4,67.1,85,64.7,5.2,39.6,31.8,14,71.2,7.6,29.3,2.4,20.7,76.5,10,23.4,84.1,9,31.7,2.2,8.7
1772000,11.5,27.2,19,34.4,74.3,7.1,10.1,6.5,69.1,82,63.9,7.9,34.5,29.8,19.8,60.8,10.7,34.7,3.2,26.1,77.5,13.6,34.7,84.3,12.9,34.2,3.4,15.3
1779293,24.2,21.3,18.1,32.1,69.5,4.7,9.8,5.5,66.1,79.4,50.3,6.6,26.4,25.4,20.9,50.9,12,30.8,3.1,30.9,77.5,14.9,35.2,82.7,13.6,38.1,3.1,20.8
1805860,12.6,15.1,19.1,21.4,60.9,3.8,10.3,3.7,58.1,64.2,61.9,5.4,33.6,28.5,20,57.8,5.9,24.4,2.2,25.8,74.6,18.3,25.6,77.5,10.3,33,1.9,14.2
1810342,6.9,22.5,17.8,28.5,75.6,6.8,8.5,4.5,66.3,85.2,71.3,4.8,45.6,35.8,12.3,81.8,8.2,32.3,2.2,20.9,77.3,9.8,26.8,83.3,9,29.8,2.1,7.2
1822000,14.1,29.2,17.1,36.8,75.9,6.9,10.8,7.8,68.2,77.7,63,10.1,33.7,30.8,26,58.2,12.1,35.3,3.5,34.6,75.4,17.6,35.7,80.2,16.2,36.2,4,21
1823278,7.6,18.5,20.7,24,69.2,5.2,8.8,3.3,62.9,82.5,70.4,4.1,45.5,36.9,14,80.8,6.4,27.7,1.8,20.4,77.3,10.6,27.7,84,8.2,31.3,1.6,6.8
1825000,13.9,27,16.8,33.9,74,6.4,10.6,6.6,66.4,78.2,61.2,8.3,28.1,27.6,23.2,65.1,11.2,32.8,3.1,28.8,71.9,15.7,35,80.1,14.2,32.8,3.4,17.7
1827000,19.2,32.9,11.7,51.1,81.7,6.2,12.6,9.7,76.2,81.7,53,11.5,21.5,17.5,26.9,42.3,22.6,37.2,5.2,41.6,79,17.9,49.3,83.7,20.7,48.1,6.8,31.1
1831000,20.5,25.7,16.8,35.7,74.2,5.7,10.2,7.1,66.9,77.9,53.1,8.9,28.3,21.9,23.7,50.8,14,33.8,3.5,35,73.9,16.5,39.1,81.5,16.7,41.2,3.8,23.2
1836003,15,23.9,17.6,34.2,73.5,5.7,11.3,6.1,67.3,78.3,62.1,8,32.9,26.9,22.1,57.6,11.7,32.3,3.1,29.6,74.9,15.1,35.4,78,13.7,36.4,3.5,20.9
1840788,14.2,23.7,19,31.3,71.4,6.1,10.4,6.2,64.6,74.8,62.8,8.1,33.7,26.3,22.9,58.8,10.2,33,2.9,31.4,75.9,16.8,35.2,78,14,34.3,3,18.4
1851876,14.2,26.6,15.4,32,72.4,5.7,11.5,6.7,66,71.2,60.6,9.1,33.6,27.8,24.6,55.8,10.6,32.7,3.2,33.7,74.2,19.1,35.6,77,14.8,36.3,3.4,21.7
1871000,16.9,27.4,16.9,36.2,75.9,6.5,10.3,7.4,66.7,77.8,58.2,9.2,32.7,26.2,24.3,55.1,12.5,33.7,3.6,34.3,76.5,16.6,37.9,79.1,15.9,40.4,4.1,23.4
1912000,9,21.3,21,27.5,74.1,6.9,9.3,5.4,68.8,75.2,67.3,5.8,44.8,39,18.6,73.1,8.5,33.2,2.6,24,78.3,11.8,33.9,85.8,9.9,28.1,2.8,13.1
1919000,10.9,23.8,20.5,31.8,75.4,6.5,10.2,6,68.7,75.1,63.9,6.5,41,33.7,20.8,67.9,10,34.6,2.9,28.7,79.8,12.9,37.8,83.5,11.6,30.3,3.1,14.8
1921000,12.5,23.2,19.5,30.3,73.1,5.7,9.7,5.6,68,74.4,65.3,6.5,40.5,33,20.1,65.7,9.7,33.1,2.8,26.2,78.9,13.5,38.8,85.4,11.5,32.7,3,15.7
1938595,9.4,15.5,23.6,21.4,65.1,4.4,9.4,3.5,66.3,65.7,68.3,4.1,46.1,36.4,15.3,70.6,5.9,25,2.1,20.8,78.5,13.2,29.4,82.4,8.2,27.1,1.8,10.1
1973335,13.2,23.3,19.1,29.1,74.6,6.6,9.8,6.1,67.4,73.3,61.2,6.9,40.1,33.1,21.3,64.2,9.7,33.2,3,29.1,76.5,13.4,35.1,81.5,12.3,28.9,3.2,16.1
1982425,11.7,26.3,21.7,32.2,75.3,6.9,9.8,6.6,69.2,74.2,66,7.2,51.9,34.5,22.2,66.4,10.6,36.3,3.1,28.7,78.8,13,36,83.1,12.4,29.9,3.5,16.1
2036000,26.1,24.2,17.3,37.4,72.4,5.7,10.4,6.8,66.1,72.1,54.6,7.6,29.3,23.8,24.4,51.9,13.5,33.7,3.5,39,73.9,15.1,39.8,78.7,14.9,37,3.9,21.8
2038900,14.2,15.6,23.3,22.8,64.8,4.5,9.5,3.7,63,66,64.9,4.6,33.4,36.6,17.6,67.2,6.4,26,2.2,22.3,80.3,13.4,26.9,81.6,9,29.2,1.9,10.5
2052575,13.1,18.1,21.1,24.2,70.4,5.4,8.7,3.9,68.4,78.4,69.1,4.5,38.4,33.1,14.5,74,7.2,30.4,2.1,23.1,80.1,10.3,28.5,86.2,8.4,27.6,2,10.3
2053775,10.5,20.2,19.4,26.4,75,6.7,8.3,4.5,71,81.6,72.1,4.4,40.8,35.1,11.6,78,7.8,32.9,2.3,21.3,80.6,8.9,26.6,86.4,7.9,25.7,2.2,7.8
2071000,17.6,24.8,16.4,35.7,76.5,6.9,9.9,6.5,71.7,74.5,64.3,7.3,33.9,36.3,21.4,62.6,11.5,35.9,3.2,30.3,81.3,13,37.5,82.6,12.8,32.5,3.3,16.1
2079000,18.7,22.6,15.5,33.5,74.6,6.3,9.4,6.2,66.7,73.2,61,6.7,28.5,31.3,20.4,62.8,11.5,34.7,3,30.7,75.2,14,33.9,81.9,12.7,35.5,3.1,17.7
2146027,9.3,24.5,19.5,32.5,75.2,5.7,10.4,6,70.8,78.3,70,7.9,42.6,36.8,20.9,65,9.7,32.3,2.8,29.3,80.7,14.8,30.3,85.3,13.2,39.3,2.9,15.9
2148006,9.8,27.6,18.3,39,78.7,6.6,10.8,7.3,75.7,79.3,66.8,9.6,43.1,36.4,23.2,62.8,12,35,3.3,33.2,82.2,14.9,34.5,86.2,15.5,37.9,3.7,18.5
2205000,14.8,23.6,19.4,39.1,74.4,5.5,9.8,6.1,73.9,76,64.9,7.3,26.7,29.2,21.7,55.3,12.2,35,3.3,34,81,17.1,35.7,85,14.8,37.9,3.8,17.2
2239475,16.3,25,19,37.2,76.2,6.3,8.9,6.5,72.6,80.3,62,7.5,29.9,29.6,20.9,58.2,12.6,36.1,3.2,31.5,80.8,15,36,83.2,15.1,38.4,3.5,15.5
2240735,13.2,24,19.3,34.1,75.1,6,9.5,6.2,73,77.4,63.4,7.5,30,28.9,20.3,58.5,11,33.1,3.1,30.1,79.7,16.2,32.6,82.9,14.5,37.2,3.5,17.1
2241155,15.2,26.4,16.8,41.4,77.1,6.5,10,7.7,74,78.5,59.3,8.9,25.6,27.9,23.3,53.8,13.9,36.1,3.8,34,79.8,16.6,37,83.6,16.3,41.3,4.6,21.6
2255000,14.4,23.2,20.9,38.7,76.5,5.5,9.9,6.2,72.5,79,62.8,7.3,26.1,27.5,22.1,56.4,13.3,32.8,3.5,29.6,81.6,15.8,35.4,85.9,14.6,40.7,4.1,18.8
2270000,15.7,26.1,16.5,42.1,78,6.3,10,7.6,75.6,79,58.8,9.1,27.2,28.5,24.3,49.6,14.7,35.5,3.9,35.3,81.9,17.4,40.3,86,17.1,38.1,4.8,21.8
2360545,12.9,22.3,20,26.6,68.6,6.5,10.3,5.1,66,79.1,73,5.9,43.1,34.7,15.5,66.3,7.4,30.5,2.6,20.5,78.1,13.1,23.6,83,10.9,31.5,2.6,11.9
2404000,12.7,24.8,17.3,36.4,76.9,5.6,11.3,5.8,74.5,82.7,64.6,7.2,34.9,32.8,21.8,55,12.6,30.6,3.5,31.2,83.9,15.9,38.7,,13,43,4.2,19.6
2507000,10.1,17.2,22.6,23.8,70.9,4.8,11.1,4.1,72.3,75.1,64.1,5,27.2,28,16.4,66.6,8.8,28.3,2.6,23.6,84,14.4,24.6,85.1,10.8,35.5,2.6,16.2
2509000,11.8,27.7,17.5,33.1,75,6.4,12.9,6.1,78.2,78.8,67.1,8.1,25.6,26.4,23.2,57.6,11.5,33.7,3.3,31.3,84,15.9,34.1,84.9,15.2,44.3,3.7,21.7
2511000,6.3,14.1,23.4,19.3,66.5,4.6,9.7,2.9,72.2,74.5,73.3,3.3,34.6,32.3,10.8,72.2,5.2,23.3,1.8,18.6,85.4,11,20.9,83.9,7.6,31.9,1.6,11
2523000,11.2,29.4,17.9,32.7,74.7,7.1,12.6,7.5,76.6,76.4,66.6,10,31.4,22.9,24.1,58.6,11.1,35.6,3.4,33.4,82.5,17.5,32.6,82.5,16.9,39.7,3.9,27
2534550,21.5,21.2,16.5,29.6,70.1,4.8,11.3,5.8,75.9,75.3,54.1,6.6,20.8,17.3,19,54.6,12.9,33.1,3.4,36,78.6,16.2,33.7,83.5,16.1,40.5,3.1,25.7
2537000,12,20.5,18.8,27.5,71.7,5.4,10.8,5.3,73.1,73,61.5,6.9,28.2,26.1,18.9,57.1,9.5,30.5,2.9,30.6,81.9,15.3,26.9,79.5,13.8,36.7,3,23
2537490,13.7,23.6,17.5,30.6,72.7,6.1,11.7,5.8,77.7,78.3,62.6,7,26.1,22.4,18.7,63.1,10.8,33.5,3.1,30.7,78.2,14.7,30,83,14.2,39.7,3.1,20.9
2545000,12.8,29,17.5,32.8,74.6,7,12.6,7.5,76.7,76.6,66,9.7,30.8,22.7,23.3,57.6,11.6,35.2,3.5,33.6,82.5,17.5,33.4,82.9,16.9,40.3,4,26.7
2545560,4.5,20.6,20.4,25,75.6,7.4,9.4,4.3,76.5,82.8,75.4,4.2,37.6,34.7,9,79,6.7,30.3,2.3,18.1,84.8,9.4,20.5,84.8,8.5,29,2.1,8.9
2555745,7.6,23,17.8,28.7,74,6.5,9.7,5,74.9,81.6,66.1,5.6,29.4,29.3,16,70.3,9.4,33.3,2.6,23.9,81.5,12,22.6,80.7,11,34.2,2.6,14.3
2562535,7.3,15,24.5,19.8,65.9,4.7,10.1,3.2,71.3,74.5,70,3.9,33.4,30.8,12.7,69.9,5.4,23.8,1.9,20.1,83.9,11.8,22.5,84.2,8.6,32.4,1.7,14.5
2567000,15.7,25.9,17.4,33.1,74.3,5.7,12.1,6.7,75.3,76.3,59.6,8,27,25.2,21.3,58.7,12.4,33.5,3.7,33.9,83.3,17.7,35,84.3,16.7,38.9,3.8,26
2582000,11.3,24.2,19.4,28.9,73.1,5.8,11.6,5.5,75.8,76.5,65.2,6.7,31,27.9,18.9,61.3,9.7,31.1,2.9,28.2,80.5,15.8,30.1,84.4,13.7,38.2,3,19.2
2603000,8.8,17.7,20,19.9,66.3,4.7,9.8,3.5,65.7,73.9,73.4,4.1,38.6,41.2,12.6,75.5,5.5,26.4,2,18.3,84.1,13.6,26.1,83.6,8.5,31.1,1.7,6.6
2621000,12.7,28.8,18.8,33.2,72.6,6.9,11.8,7.9,70.5,78.5,63.7,10,32,30.1,25.5,64.7,10.5,35.3,3.5,29.7,78.8,17.3,31.6,83.1,16.2,39.4,3.8,15.8
2622000,18.5,31.4,13.4,46.9,77.5,5.7,14.3,8.9,78.8,81,58.5,10.7,20.8,21.5,28.9,50.7,18.3,35.3,4.8,38.9,83.9,18.8,44.5,85.5,19.4,49.8,6.1,25.9
2627440,7.6,27.1,17.5,30.5,77.8,7.8,9.6,5.9,74.1,86.5,70.4,5.9,36.7,31.1,13.2,79.5,9.3,34.9,2.8,21.4,78.8,10.7,25.5,86.5,10.5,33.2,2.8,8
2629000,16.9,33.7,14.4,45,75.4,5.9,13.2,8.7,76.6,77.3,57.4,11.3,22.9,20,28.8,50.8,17.2,35.8,4.4,36.8,83.4,19.9,47.8,84.1,19.4,48.7,5.4,25.4
2634000,13.9,23.5,19.5,29.6,72.9,5.8,10.7,5.8,72,78.1,65.1,7.1,38.8,30.4,19.2,64.9,9.7,29.5,3,26.5,81.8,15.2,33.2,85.2,13.4,36.1,3.1,14
2642160,12.8,22,20.9,27.4,69.9,5,11.5,5.4,67.7,71.3,66.1,7.1,31.3,31.6,22.3,61.2,9,29,2.9,26.8,80.9,17.9,32.5,84.4,13.1,38.3,2.9,16.8
2646000,13.5,25.8,19.3,32,73.2,5.6,11.4,6.2,69.8,77.1,63.5,7.9,37.4,27,22.6,65.8,11.2,31.5,3.1,28,80.9,16.8,35.1,84.7,14.9,39.9,3.3,15.1
2649000,7.9,29.3,19.7,32.6,75.6,8.3,10.2,6.8,74,85.6,71.5,7.1,37.7,36.1,17.1,78.3,9.1,35.8,2.9,22.9,79.7,11.9,26.5,84.3,11.9,35.6,3,8.7
2669035,7.1,25.6,19,27.5,76.2,7.5,9.2,5.3,72.4,86.1,71.3,5.5,38.2,32.8,12.8,81.4,8.2,34.4,2.5,19.9,78.2,10.4,23.8,86,9.8,31.8,2.4,6.9
2674900,10.4,30.2,14.6,39.8,80.8,7.3,11.7,6.8,79.3,87,68.7,7,29.8,26.1,16,72,13.7,35.1,3.7,26.8,82,12.3,34.2,88.4,12.7,39.4,4.1,11.9
2676460,10.4,30.3,20,33.9,76.6,7.6,10.5,7.2,71.7,81.7,65,8.2,29.2,31.5,21.5,69.6,10.4,35.7,3.1,28.1,78.1,14.4,31.9,83,14.3,37.2,3.3,11.8
2680700,7,25.2,18.1,27.7,76.8,7.3,8.9,5.3,72.9,86.8,70.4,5.3,37.6,32.8,12.3,80.8,8.6,34.9,2.5,19.9,77.8,9.9,22.7,85.1,9.6,32.3,2.4,7.4
2684000,12.5,31.9,18.9,36.7,76.9,7.7,11.1,8.2,72.1,80.2,61.7,9.6,27.8,29.5,24.6,63.5,11.7,36.3,3.5,31.9,77.1,16.1,35,82.9,16.3,39.1,3.9,14.9
2686000,11.5,28.5,19.1,33.7,73.4,7,11.5,6.9,72.9,81.7,66.4,8.4,33.2,32,23,69.1,10.2,34.4,3.2,28.1,78.9,15,31,83.3,14.2,40.1,3.4,13.1
2688940,14.2,23.6,20.7,28.1,71.3,5.7,10.5,5.5,70.6,78.5,64.6,7.4,38.8,31,20.8,66.3,9.1,30,2.7,26.9,80,15.4,32.7,84.2,13.6,36,2.8,14.5
2706616,10,19.7,20.9,26.2,75.8,7.7,7.5,5.4,70.9,81.8,71.6,4.5,40.6,40.6,13.2,76.3,7.5,30.6,2.7,21.5,80.2,9.1,24,83.4,9,27.6,2.7,8.3
2707966,12.7,15.9,21.3,24,70.3,5.2,8.1,4.1,69.2,77.9,66.9,4.1,36.7,38,16.4,70.2,7.3,26.8,2.4,24,80.5,10.7,26.5,82.3,9.3,32.3,2.4,10.3
2717000,10.7,21.1,23.5,25.4,74.3,6.5,8.6,5.6,65,73,68.2,5.1,44.8,31.6,18.6,68,7.6,27,2.8,25.8,78.3,12.3,26.9,84.2,10.8,32.3,2.8,12.9
2743000,12.7,14.2,23.4,21.6,67.8,4.8,8.2,3.9,66.4,74.1,67.1,3.9,36.5,36.6,16,68.8,6.5,24.9,2.4,22.8,81.7,11.4,26.5,84,8.9,30.4,2.3,11.5
2751730,7.6,16.9,22.9,22.5,72.7,6.7,7.2,4.1,69.5,82.5,73.1,3.5,42.5,43.6,11.5,80.6,6.1,28.2,2.2,18.2,81.5,8.3,22.8,84.9,7.5,26.8,2.1,6
2754880,9.9,18.7,18.8,23.9,74.5,6.5,7.8,4.9,63.3,78,71.6,4.2,44.2,39.6,14.3,73.7,7.7,28.9,2.6,25.2,81.8,10.1,29.7,84.5,9,31.4,2.5,10.3
2758000,13.7,16.7,20.6,23.4,72.3,5.4,8.3,4.7,67.8,73.4,65,4.5,35.5,31.8,17.9,68.1,8.1,26.6,2.7,28.3,81.9,12.4,27.6,81.6,10.5,30.5,2.6,14
2829700,20.2,27.4,15.5,39.4,77.2,6,10.1,6.8,69.4,79,54.4,7.7,33.2,29.8,24.9,55.1,12.6,35.7,3.4,32.7,73.7,16,36.6,84.2,15.7,38.2,4,22.6
2836000,21.8,23.7,12.5,42.1,78.5,5.4,11.3,6.5,72.8,80.2,57.3,7.1,30.8,24.5,22.5,52.4,14.5,34.2,3.7,35.1,79.1,16.2,38.3,88.1,15.5,40.5,4.6,25.2
2915670,13.9,17.9,22.7,22.7,68.5,4.8,9.7,4.2,67.8,69.6,64.1,5.7,44.1,38.4,18.2,65.7,6.8,27.2,2.3,24.6,78.2,15.2,28.3,80.2,11,31.7,2.2,12.9
2935000,16.9,28.1,20.4,31.8,77.4,7.6,9.3,7.5,69.3,76.9,66,9.5,36.7,36.3,23.9,59.5,10.7,36.2,3.3,30.4,76.4,15,31.8,78.3,15.5,36.3,3.8,18.3
2938000,17.3,24.4,19.7,31.3,75.7,6,9.6,6,70.4,77.2,64.3,7.5,34.8,34.3,21.6,59.2,11,32.8,3.1,29.7,79.2,14.4,35.5,81.7,14,38.4,3.6,18.1
2941348,11.2,23.5,23,26.5,74.8,6.9,8.4,5.1,69.4,80.7,71.8,6.1,41.5,41.3,17.4,71.6,7.9,32.1,2.5,22.7,78.7,11.7,28.2,81.7,11.1,33.9,2.6,10.8
2954074,11.7,22.1,21.9,24.9,71.9,6,8.7,4.5,68.4,79.2,66.6,5.8,45.4,41,18.4,66.7,7.2,31.2,2.2,23.3,77.9,12.2,29.5,84.7,10.7,33.4,2.2,10.8
2964550,16.9,28.1,17.8,31,75.5,6.8,10,7.1,72.1,75,56.7,9.2,37.3,33.5,24.3,51.6,10.3,33.8,3.1,33.3,74.4,15.8,34.4,80.9,15.6,34.8,3.5,19.8
2965000,18.1,25.1,19.3,33.9,75.9,5.6,10.6,6.5,73.8,76.4,61.9,8.2,32.7,29.7,24,54.6,12,32.5,3.5,31,79.3,15.2,35.5,84.9,14.8,37.7,4.2,23.3
2970000,16.2,24.5,17.9,29.7,74.9,6.5,9.8,6.9,66.2,71.8,56.5,8.8,35,28.3,22.5,51.7,9.8,34.2,3.2,30.6,73,16.4,31.8,80,15,32.5,3.5,19.9
3006550,11.9,22.6,22,25.9,72,7.3,9.5,5.6,66,73.2,62.7,6.1,43.4,36.5,18.4,66.4,7.6,30.1,2.9,25.5,76.1,12.5,26,82.9,12.2,30.4,2.9,14
3050200,11.2,19.1,25.5,22.1,67,5.7,9.4,4.4,59.3,66.4,60.5,5,41.8,32.4,17.8,63.6,6,26,2.4,22.8,76,13,22.8,82,10.6,28.1,2.3,12.3
3128000,13.6,19.7,24.7,24.3,73.6,5.9,8.8,4.9,63,74.5,65.7,4.9,45.4,37.5,15.3,70.2,7.8,29.6,2.5,21.9,75.7,11.3,30.1,83,9.6,28,2.4,10.4
3137000,16.4,22.6,21,30.5,76.1,6,8.6,5.6,67.2,76.7,63.2,5.6,41.2,35,18.2,67,10.1,31.8,2.8,25.2,76.5,12.3,33.4,80.1,11.2,31.7,3,15.7
3231900,13,20.3,18.8,30.7,71.4,6.8,9.7,5.7,67.2,80.7,62.8,6.7,37,30.8,17.7,67.3,9.6,32.7,2.9,25,74.2,12.1,24.9,80,12.1,38,2.8,10.7
3240000,19.9,19.7,17.9,31.8,70,6,10.1,6.1,66.2,77.5,56.6,7.4,33.2,27.3,20.5,58.1,11.2,32.2,3.2,29.9,73.7,14,28.2,79.8,14.2,40.6,3.2,15.5
3251800,22.8,17,18.6,29.8,66.1,4.6,10.5,5,64.9,75.1,53.8,6.7,29.6,25,22,54.2,10.8,29.3,3,31.3,74.4,15,29.8,79.8,14,43.1,2.9,18.2
3260600,16,21.8,22.4,27.8,67.8,5.9,9.9,5.6,62.7,77.6,63.1,7,34.3,26.8,18.3,62.4,8.2,32.6,2.9,23.1,71.6,14.2,24.2,81.4,13.2,33.5,2.9,17
3268400,16.1,22.7,22.3,28.4,68.2,6.1,10,5.6,63.3,79,63,7.3,33.5,26.2,18.7,63.1,8.5,33.2,2.9,23.7,70.8,14.1,24.5,81.3,13.5,33.9,2.9,18.1
3345140,12.6,25.2,18.2,28.5,73.3,6.6,11.2,5.7,71.1,78.5,67.6,7.2,37.4,32.5,19.1,64,9.1,30.7,2.8,27.5,79.2,14.2,31.1,,12.8,36,2.8,18.7
3350260,11.4,25.2,17.9,28.3,74.4,6.9,10.7,5.5,72.2,81,69.9,6.6,39.3,34.3,16.6,67.9,9,31.1,2.7,25.6,79.8,12.8,29.6,,11.9,35.1,2.7,16.1
3410000,27.9,22.6,14.6,38.9,71.8,4.3,11.2,6.6,74.5,76.6,45.2,8.1,21.1,17.5,26.2,43.1,17.4,32.1,3.9,43.8,79.6,19.7,43.6,84.2,18.6,49.8,4.4,28.7
3413690,15.4,21.2,17.5,29.6,73.5,6.4,8.3,5.5,73.3,84.3,56.7,5.9,34.7,28.4,14.6,71.4,10.3,33.2,2.7,29.7,76.3,12.5,22.9,82.5,11.8,36.7,2.7,12.2
3421000,26.4,20.8,16.6,31.7,70.8,4.8,9.1,5.8,72.3,79.9,50.4,6.5,27.4,21.8,20,55.6,12.4,32.3,3.3,38.7,76.5,16.4,33.1,82.7,15.1,44,3.2,19.5
3436000,15.9,17.2,17.2,30.4,70.9,4.3,8.5,4.5,74.7,81.3,52.2,5,25.9,23.1,17,65.3,10.6,30.3,2.6,31.4,76.7,12.9,27.3,80,11.5,43.6,2.6,13.6
3451000,23.5,22.2,15.2,36.5,72.9,4.5,11.2,6,75.2,79.4,50.5,7.5,24,22.5,22.2,56.3,14.5,31.2,3.6,40.9,81.5,17,38.7,85.6,16.1,49.4,3.9,22.2
3456550,32.6,19.2,15.3,31.6,69.3,4.3,9.2,6.3,69.8,76.6,42.2,7,23.7,19.4,20.9,50.9,14.7,32.9,3.6,42.9,76.4,18.2,31.5,82,17.3,41.6,3.4,22.7
3457000,28.1,21,14.7,35,72.3,4.5,9.9,6.4,73.1,79.6,44.3,7.3,22.7,19.2,20.8,52,15.6,33.2,3.7,41.9,77.8,17.5,33,83,16.9,43.5,3.8,23.6
3474000,25,22.2,16.1,37.4,74.1,4.7,10.7,6.4,76.3,78.2,53.9,8.1,23,20.9,24.9,52.8,14.4,32.8,3.6,40.1,79.7,17.9,38.6,84.9,16.7,45.7,4.2,26.1
3474630,29,18.7,17.2,32.2,69.8,4.5,8.4,5.8,72.3,79,44.9,5.7,22,18.7,18.8,56.4,14,33.7,3.3,39.6,75.5,15.4,33.6,81.3,15.3,42.3,2.9,15.3
3502000,14.3,23.7,16,26.3,70,6,10,5.2,59.4,75.7,60,5.3,41.8,29.4,17.1,65.9,8.7,30.5,3,22.1,74.4,14.3,26.9,83.5,13.2,32.3,2.7,12.5
3539380,16.2,22.4,16.1,29.5,69.9,5.9,9.6,5.8,62,76.2,60.1,5.7,29.4,29.7,16.7,65.3,10.5,30.2,3.3,23.4,75.8,14.3,27.5,84.4,14.1,31.5,3,15.9
3563460,11.6,22.3,18.6,26.1,68.8,6.1,9.6,4.8,60.5,78.7,58.3,5.3,34.9,25,17.2,67,8.3,29.8,2.8,21,71.6,13.3,27,83.4,12.3,31.6,2.6,12.6
3570500,12.9,24.4,15,25.9,74.8,7.2,9,5.5,60.4,80.8,61.4,5.1,30.7,27.5,14.1,68.7,9.3,31.9,3.2,20.6,71.1,11.6,20,82.5,12.9,27.1,2.8,10.3
3601000,12.1,21.2,19.3,27.2,72.6,5.3,10.8,5.1,72.2,78,68.4,5.9,36.8,32,18.2,63.7,9.3,28,2.8,26.8,80.8,15,28.5,84.6,11.5,37.7,2.9,14.5
3611000,14.3,27.5,19.3,36.4,75,5.7,12,6.8,75.5,79.6,58.5,8,29.8,27.8,23.6,58,13,31,3.6,34.2,82.7,16.5,35.1,85,15.1,42.4,4,22.8
3649121,14.4,23.8,15.2,36.2,76.5,5.9,11.6,6,77.2,85.3,66,6.4,30.6,28.5,17.4,60.4,12.9,32.5,3.5,29.6,81.1,14,31.9,84.6,13.1,41.1,3.9,18.2
3650617,13.8,21.8,17.4,29.5,74.8,6.5,9.6,5.7,73.3,84.7,68.5,5.6,37,32.6,13.9,67.7,10,32.8,3,25.3,78.8,12.2,25.3,83.5,11.3,34.9,3,13.9
3651000,16.1,19.4,18.2,28,73.4,5.4,9.7,5.4,74,82.7,62.5,5.6,28,27.4,16,63.2,10.9,31,3,29.8,79.9,13.1,24.4,82.7,12.4,39.8,3.1,15.2
3663000,16.4,24.7,17,33.1,72.9,5.1,12,6,68.6,77.1,59.9,7.6,32.6,29.6,23.1,57.2,12.4,30.6,3.5,32.6,81.8,17.3,36.3,81.4,15.4,39.7,3.8,22.9
3665508,14.3,23.3,18.6,31.4,73.2,6,11.2,6.3,71.4,79.3,64.8,7.7,35.3,26.4,21.5,58.8,10.5,30.5,3.1,30.7,77.5,16.1,32.4,83.9,14.2,40.9,3.4,18.9
3673000,14.5,23,18.5,31.5,73.2,5.5,11.7,6.2,70.5,76.2,60.3,7.8,33.5,29.5,22.7,55,10.9,29.8,3.3,31,79.9,18,33,82.2,14.4,39.7,3.6,23.9
3684000,16.2,22.2,16.6,30.3,74.4,6.3,9.8,6.1,72.7,83.5,65.3,6.1,35.4,31.3,15.7,63,11.1,33.5,3.2,28.3,78.1,13.4,27.1,82.7,12.6,36.3,3.2,15.3
3702140,14.5,24,18,32,77.1,7.1,9.3,5.9,74.1,79.3,67.8,6.6,43.6,35.5,16.6,63.9,9.2,32.7,3,23.1,79.8,12.5,27.4,86.9,12.1,30.1,3.1,13.8
3710740,11.6,17.9,18.6,26.2,71.6,5.8,8.1,3.8,73.7,82.7,71.9,4.3,48,46.1,11.6,75.5,7.4,31,2.2,18.1,80.9,9.8,26.1,86.5,8.9,30.1,2,8.1
3712000,17.8,18.7,17.7,30.3,71.9,5.2,9.6,4.4,74.4,78.9,65.8,5.6,37.3,34.8,16.2,66.2,9.4,31.9,2.7,24.4,81.9,12.9,32.4,87,11.6,33.4,2.8,15.1
3714100,17.7,23.4,17.6,30.9,73.4,6.1,9.7,5.5,72.2,79.1,66.9,7,39.2,33.3,19,64.4,9.4,32.5,2.9,26.1,79.6,13.4,31.7,86,12.9,32.8,3.1,17.4
3719000,18.9,19.6,16.6,30.4,72,5,10.1,4.4,72.2,78,67.6,5.5,35.4,35.1,16.2,59.5,9.1,29.4,2.8,24.5,82.1,13.1,31.3,84.5,11.6,34.4,2.9,16.2
3722920,18.9,22.3,15.4,33.2,73.3,5.2,10.5,5.2,74.3,76.9,66.9,6.6,37.2,33.5,19.7,63.7,10.5,29.7,3,27.6,80.7,14.8,34.2,87.5,13.1,38.3,3.3,17.3
3725580,20.3,26.2,14.3,36.5,77,6.8,10.5,7,74,78.8,63.1,8.9,34.4,32.3,21.1,55.5,11.9,34.9,3.6,31.4,79,15.2,33,85.3,15.8,37.3,4.1,20.6
3728000,18.1,21.3,16.3,31.9,74.3,5.8,10.3,5.3,73.5,78,69,6.5,40.6,37.7,18,58,10.1,31.5,3.1,25.4,81.6,13.8,33,85.8,12.6,35.6,3.3,16
3728080,17.4,18.5,17.7,27.3,69.9,4.4,10.6,4.4,72.8,70.7,66.9,5.9,37,32.9,18.1,60,8,27.1,2.7,26.6,80.5,15.6,32,84.4,11.7,37.9,2.8,18.9
3731400,19.3,23.4,15.7,33.8,76,6.3,10.3,6.1,73.4,78.6,66.4,7.7,39,35.9,19.8,55.6,11.2,33.6,3.3,27.5,80.6,14.4,33.5,85,14.2,36,3.8,19.4
3734200,19.7,13.6,23.8,22,61.4,3.3,9.4,3.1,70.3,65,64,4.6,39,32.3,18.7,67.1,6,22.2,2,22.8,78.8,15.1,28.4,82.7,9.7,37,1.9,18.3
3755000,16.2,17.2,18.8,27.7,69.8,4.9,9.4,3.8,73.4,77.4,69.1,4.9,44.2,42,14.8,66.8,8.2,28.7,2.4,21.6,81.7,12.4,30.7,86.8,10.2,33.1,2.4,12.1
3774440,16.5,22.3,18.9,31.7,74.7,6.3,9.8,5.7,73,76.1,70.2,6.9,39.9,36.8,17.8,63.2,9,33,3,25.8,79.9,14.5,30.3,84.9,12.8,31.6,3.2,14
3775000,20.3,24.2,14.4,35.4,75.1,6.1,10.3,6.1,72.7,77.7,66,7.5,37.7,35.2,20.1,58.1,11.3,33.4,3.4,28.7,82.1,14.4,33.8,87.6,13.9,35.9,3.8,18.6
3825700,10.1,19.1,25.4,24.9,71.5,5.4,8.5,4.5,59.4,73.5,65.3,4.5,41.5,36,18.1,72.4,7,30.6,2.3,24.6,79.1,11.3,29.6,81.9,8.8,27.3,2.2,11.1
3901000,12.8,27.9,16.7,36.8,77.3,6.3,10.9,7.6,73.5,75.2,57.5,9.5,26,26.5,24.9,54.3,13.9,33.9,3.5,37,76.3,16.9,37.4,82.9,15.7,42.9,4.3,21.6
3912000,13.5,30.5,15.1,36.4,78.8,6.6,11.2,8.6,74.8,74.8,56.3,11.1,32.8,23.4,27.4,57.5,14.3,34.7,3.8,38.3,76.1,17.6,42.2,82.3,17.3,42,4.6,23.2
3915000,12.7,25.5,18.5,34.6,75.8,5.4,11.1,6.7,73.5,75.4,60.6,8.3,31,27,23,58.5,13,31.1,3.4,31.8,80.3,16.4,36.4,86,14.6,42.6,4,20.6
3916000,16.6,28.6,16.8,39.6,78.9,6.1,11.8,8.6,75.6,75.7,53.6,10.8,26.8,23.1,28.4,51.4,17,32.8,4.2,38.7,78.2,18.3,41,82.4,18.7,42.5,5.4,31.7
3918000,11.6,21.2,20.7,30.2,71.8,5.1,10.1,5.2,71.4,74.7,62.1,7,30.5,34.1,22.9,63.8,10.2,28.2,2.7,29,80.7,15.7,34.5,86.7,12.6,39.1,3,18
3921000,14.2,31.4,15.6,36.8,77.9,5.9,11.8,8.3,74.3,73.9,55.5,10.6,31,23.7,27.2,51.3,15.6,33.1,4,39.3,81.9,18,41.7,82.3,17.6,44.7,4.9,28.2
3961000,9.8,27.9,21.4,31.1,77.8,8.1,9.5,7.3,73,79.1,64.3,8.5,38.7,32.8,21.5,70.1,10.4,32.8,3,28.4,74.6,13.7,29.1,81.1,13.6,34,3.4,16.5
3977000,13.7,27.9,18.3,37.3,76.9,6,10.7,7.6,74.4,74,56.9,9.7,30.6,27.2,26.1,59.2,14.1,34.1,3.5,35.7,78,17,42.9,83.9,16,42.9,4.1,19.7
3988000,17.2,31.3,12.9,42.5,80.6,6.8,11.5,10,76,75.3,51.8,12.1,23.9,21.8,28.1,49.2,18.3,36.7,4.6,44.2,81.6,18.4,45.1,84.1,19.4,45,5.9,29
4009050,13.2,23.2,16.3,32.2,74.6,6.4,9.8,5.4,66.7,77.5,63.5,6.6,45.3,36,18.1,67.2,9.2,34.7,2.7,28.8,76.1,13.9,32.8,82.4,11.7,31.9,2.7,13.6
4023200,11.3,22.1,16.5,31.1,73.8,6.3,9.7,5.1,66.5,77.6,66.8,5.7,43.7,43.4,14.6,71,8.4,34.2,2.5,24.4,80.7,12.8,28.3,84.9,10.7,30,2.4,10.1
4041850,19,22.8,14.5,33.2,73.2,5.2,10.6,6,69,72,56,7.5,40.2,28.1,22.1,56.8,10.5,32.6,3,33.9,76.7,16.4,37.5,81.7,14.1,34.8,3.2,19.4
4052500,14,20.4,15.4,28.9,69,5.4,9.8,5,64.9,71.5,63.2,6.2,37.7,35.5,17.4,65.8,8,32.5,2.5,26.9,77.1,15.3,32.2,82,11.5,33.6,2.4,12.9
4055000,18.9,24.4,14.5,35.9,74.5,6.1,10.5,6.5,66.7,75.2,59.4,7.8,36.7,36.4,20,59.1,11.6,35.7,3.2,32.4,79,15.6,34.2,83.5,14.4,34.3,3.4,17.7
4075000,18.4,24.2,14.5,35.9,76.1,6.4,10.5,6.7,67.8,74.6,59.6,8.2,43,31.4,20.6,58.5,11.6,35.9,3.4,34,76,16.1,36.1,81.9,14.2,33.9,3.6,19.9
4105350,12.1,20.8,16.5,25.1,66.8,5.9,9.8,4.4,61.4,75.7,66.1,4.5,33.5,31.2,14,68.8,7.5,26.7,2.5,20.1,75.9,12.7,27.6,82,10.7,31.3,2.4,11.6
4105800,9.9,25.2,19.9,26,68.3,6.8,10.3,4.9,62.8,75.1,66.4,5,28.6,30.8,15,68.4,7.3,30.4,2.6,18.5,74.7,13,26.5,84.9,11,29.7,2.5,11.9
4123850,11.6,21.5,17.8,24.7,67,6.3,11,5.1,58.7,69.5,64.4,5.4,30.4,32.4,16.7,70.7,7.2,30.6,2.8,19.8,77.7,15.7,26.9,82.1,12.1,29.9,2.7,12.5
4131250,15.5,22.5,19.8,27.9,66.7,6.1,11,5.6,58,71.1,64.1,6.3,33.4,26.4,21.3,64.6,8.9,31.6,2.9,22.7,73,16.5,27.7,80.5,13.7,32.4,3.1,17.1
4134100,13.7,19.1,17.7,23.3,63.3,5.2,9.8,4,59.7,74,65.1,4.3,33,31.9,15,67.2,7,25,2.3,20.4,75.4,13.2,28.2,81.9,10.6,32.1,2.1,12.2
4147000,14.2,28.2,17.5,29,71.4,7.5,11,6.9,61.2,73.9,63.5,7.1,32.9,28.6,20.9,59.8,9.7,33.9,3.4,23.2,74.1,15.9,27.1,80.6,14.9,33.7,3.6,15.9
4159000,11.1,19.7,21,25.2,65.4,5.8,10.2,4.5,58,73.3,67.6,4.7,35.7,28.6,17.1,70.7,7.4,29.2,2.5,18.4,75.2,14,25.1,82.7,10.9,30.8,2.5,12.6
4164900,15,23.9,16.3,28.2,69.2,6.5,10.7,5.7,60.6,72.9,64.4,6.1,34,30.9,18.4,65.5,9.6,31.4,3,23.1,76.7,15.4,31.1,81.1,13.5,32.6,3.1,15
4202000,18.4,26.7,17.2,31.7,74.5,6,10.8,7.3,71.2,73.9,55.6,8.1,33.9,28.3,25.3,54.3,12.8,32.6,3.5,31,77.5,17.2,38.7,80.6,16.7,39,3.8,24.1
4206088,12.5,25.5,18.7,30.7,74.6,6.9,9.9,6.5,70.9,76,62.9,6.8,39.4,32,20.1,62.2,10.4,31.5,3.1,26.7,78.3,14.9,32.9,81,13.4,37.1,3.2,15.6
4224000,12.3,29.1,20.2,31,76.1,6.4,11.1,7.4,72.8,74,62.6,8.7,39.6,31.1,26.5,59,11.3,34.4,3.4,30.4,78.3,17.8,35.6,79.7,15.9,42,3.9,21
4260000,13.8,25.5,20.3,33.8,75.6,5.8,11.5,6.5,73.5,77.2,61.9,7.2,39.2,27.8,23.8,54.7,12.9,30.8,3.4,29.4,80.6,16.3,33,81.3,14.9,42.2,4,19.1
4261000,9.4,24.8,21.3,29.9,75.7,5.9,10,5.9,70.8,76.1,61.7,6.4,46.1,37.7,20.7,58.9,9.6,30.5,2.9,24.4,79.4,14.3,29.7,81.7,11.9,39.4,3.2,17.1
4263624,23.8,26.5,16.1,32.3,73,5.2,11.1,7.7,68.7,70.6,51.1,8.8,27.6,24.3,26.3,46.2,14.5,33.6,3.9,37.7,75.9,19.4,42.5,79.5,19.4,45.3,4.2,31.6
4269000,11.7,30.5,19.2,33.6,76.3,7.3,10.6,7.9,70.7,74.9,59.6,8.7,37.1,29.3,25.1,59,11.3,35.3,3.4,29.8,77.1,16.4,34.8,80.6,15.9,36.3,3.9,19.4
4419180,9.5,25.4,18.5,32.4,76.8,7.5,11.4,5.8,81.8,84.7,70.6,6.9,41.8,33.5,16.2,74.8,9.3,32.3,2.8,26.7,83.5,13.6,29.5,,12.8,37.8,3,11.4
4454640,13.5,25.6,17.5,33.9,75.5,6.7,12.9,6.3,81.2,81.9,65.1,8.3,37.1,29.1,20.3,66.4,10.9,32,3.2,31.7,82.6,16.9,34.1,,15.6,41.3,3.5,16.7
4459000,16,19.5,17.9,28.9,71.1,4.9,12.3,4.9,79.6,77.7,61.6,6.2,34.6,26.9,18,63.3,10,27.7,2.8,31.1,84.2,17,32.8,,13.8,41.1,2.8,16.8
4474300,7.7,33.1,17.3,34.8,77.3,8.1,11.5,6.6,81.2,86.2,70.9,7.5,38,34.1,16.7,72.7,9.2,32.6,2.9,26.7,82.9,14.5,31,,12.8,35.7,3.1,11.8
4513330,12.7,20.4,22.2,29.7,73.7,5.9,9.2,4.6,66.1,78.2,72.6,5,47,37.5,15.1,65.7,9.4,29.7,2.6,21.4,80,13.3,28.6,82.7,9.9,32.6,2.6,11.6
4516000,17.5,19.2,19.1,31.5,71.7,4.5,10,4.7,66.7,74.6,67.6,5.6,38.9,32.9,18.8,57.1,9.9,28,2.7,29.2,83.6,15.8,32.8,85.4,11.6,37.6,3,17.1
4548535,9.2,21.8,22.8,28.9,74.5,7.1,8.2,4.5,66.5,84.1,75.3,4.5,53,42.3,12.5,74.2,8.2,31.9,2.3,18,79.1,10.7,25.9,83.9,8.9,29.5,2.2,7.4
4550875,21.2,22.1,18.9,35.5,73,5.1,10.5,5.6,67.2,76.1,63.3,6.9,38.4,30.8,22.1,51.7,12.7,30.9,3.2,30,79.4,16.7,36.6,82.1,13.8,39.1,3.6,20.5
4561405,17,23.4,16,35.8,71.8,5.7,10.3,5.4,68.5,79,64.2,6.5,42.6,30.3,19.1,57.3,11.2,33.3,3,27,79.4,15.5,34.3,83.5,12.8,40.8,3.3,16.7
4652980,11.4,23.3,17.3,33.2,76.1,7.1,8.9,6.4,65.3,74.6,65.8,5.4,45.5,38.3,19.7,66.2,10,29.9,3,24.2,76.8,11.3,34.2,81.5,12,26.4,3.1,14.1
4659020,11.5,18.5,18.9,27,72.8,6.1,8.3,5.2,66.3,75,66.2,4.5,44.4,42.2,18.2,71.5,8,26.5,2.5,22.5,82.2,10.7,31.2,82.9,10.1,27.2,2.5,12.7
4714000,18.7,26.8,14.9,39.6,77.9,6.7,11.1,7.3,75.3,79.9,65.2,9.1,31.2,27.5,22.7,58.5,13.7,36.9,3.5,31.7,79.8,15.5,33.2,84.7,15,39.7,4.1,18.5
4715160,18.1,22.5,16.1,29.9,70.5,4.9,10.5,4.8,70.2,76.7,62.4,6.8,36,31.4,23.6,59.9,9.3,29.5,2.5,29.4,78.5,15.8,32.9,83.1,12.3,41.7,2.6,17.3
4740000,17.9,24.6,14.7,33.5,75.1,6.1,10.7,6.5,68.5,77.2,64.7,8.7,32.9,34.6,23.9,55.9,10.7,33.2,3.1,30.1,80,16.6,32.1,82.3,14.2,36.8,3.4,17.2
4748000,22.3,25.4,12.1,39.4,78.1,5.6,11.2,6.7,72.6,79.6,62.8,9,24.2,31.1,24.7,51.9,14.3,33.1,3.7,34.9,83.1,16.1,38.4,83.9,15.9,41.1,4.5,22.9
4751560,16.1,21.2,16.4,29.3,68.6,5,10,4.5,67.5,76.5,63.7,6.3,33.9,32.4,20.4,60.1,8.4,29.1,2.4,26.3,77.7,14.5,33.2,84.6,11.2,37.8,2.3,15.2
4752006,18,23.1,15.4,33.3,73.8,5.7,10.3,5.5,71.9,79.6,64.8,7.1,31,35,20,62.2,10.5,31.4,2.9,28,80.1,14.2,31.1,84.6,12.5,39.6,3,15.9
4801000,23.9,21.5,19.5,32.3,72.5,5.9,8.8,6.1,65.8,76,58,6.4,33.1,31.4,19,53.1,10.9,33.4,3,32.7,76.1,14.7,33.1,80.5,13,33.2,3.1,15.7
4801924,14.3,17.2,19.7,26.5,69.2,5,7.7,3.6,65.3,83.2,65.1,3.8,38,38.3,13.3,69.3,7.6,29.7,2.1,23.5,77.7,10.6,28.6,81.6,8.8,33.3,1.9,8.1
4803000,24.6,23.3,18,33.5,73.2,6.3,8.9,6.3,65.9,78,59.5,6.7,34.9,29.6,19,59,11.6,34.5,3.1,33.3,74.3,14.4,35.1,80,13.7,34.1,3.2,14.5
4804000,23.5,19.5,17.6,32.1,69.6,5,9,5,66.9,78.6,61,5.4,40.1,32.7,17.4,57.4,10.4,33.2,2.7,30.6,78.3,13.8,34.2,80.1,11.9,36.9,2.7,13.4
4805000,21.4,15.3,24,22.5,66,4.4,8.1,3.7,62.2,76.2,64.1,3.9,35.9,28.6,14.3,65,7.7,27.9,2.2,22.7,79.4,12.4,25.7,83.4,9.3,29.7,2,10.1
4806128,30.1,20.9,19.5,31.7,71.8,5.6,8.6,6.1,67.7,77.8,57.7,6.4,28.6,29.1,18.9,55.4,11.9,35.5,3.2,32.1,75.4,14.5,34.4,80.9,13.7,35.2,3.3,17.7
4807000,23.7,24,16.5,40.1,75.2,5.9,9.8,6.4,71,79.9,60.1,6.7,30.8,26,19.5,53.9,13.9,33.5,3.5,35.8,78.2,14.6,38.3,82,13.8,37.7,4,17.8
4810768,41.8,18.3,15.5,33.3,73.4,4.8,8.1,6.9,65.3,76.7,47.2,5.9,21.8,20.2,15.3,46.9,17.4,34.6,4,38.9,75.5,15.1,41,81.8,17.2,35,3.5,19.8
4810912,27.6,18.6,17.1,28.4,69.9,4.9,9.1,5.2,69.7,74.7,60.9,5.7,30.4,31.6,18.2,60.2,10.5,31.8,2.9,31.1,79.8,15.3,32.6,82.3,13.2,36.4,2.9,13.6
4813024,21.5,18.7,18.9,29.9,71.3,5.2,8.2,4.6,66.5,80.8,61.5,4.8,34.2,31.8,15.7,64.2,10,32.7,2.5,29.3,74.3,12.3,30,81,11.3,32,2.4,10.8
4815976,19,10.4,20.5,16.9,54.9,2.9,8.9,2.5,65.3,65.8,66.6,3.4,34.3,34.9,14.4,65.5,4.8,22,1.8,23.4,80.7,15.9,24.6,79.8,8.6,33.4,1.4,9.7
4817000,29.4,22.6,18.8,33.9,73.9,5.6,8,6.3,67.7,78.2,60.4,5.7,31.5,29.8,16.6,56.9,13.9,34.4,3.3,35.5,79.8,13.5,34.6,82.3,13.4,33.9,3.1,15.1
4819000,29.4,18.9,17.8,32.6,71,4.9,9.3,5.4,66.3,77.4,57.5,5.7,30.8,27,18.3,54.6,12,32.4,3.1,33.8,75.8,14.6,34.8,81.2,13.4,34.7,3.2,17
4819972,20.8,16.6,21.4,26.7,66.5,4.7,9,4.1,64.3,73.3,63.8,4.8,35.6,32.1,16.8,61.1,7.9,28.4,2.4,29,74.5,14.8,30.5,81.2,10.6,31,2.2,11.2
4822660,38.1,15,17.5,28.5,68.8,3.9,7.5,5,63.1,76.2,53.1,4.4,28.6,25.9,14.7,52.6,13.4,28.9,3.1,34.2,78.6,14.3,41.6,81.6,13.3,33,2.6,12.8
4824000,33.9,19.3,16.7,30.7,74.5,4.9,7.7,6.2,65.3,80.3,53.7,5.1,26.4,24.2,14.7,53.3,14.9,31.5,3.5,31.6,79.8,13.4,35.3,81.8,14.2,36.7,3.1,14.3
4827000,26.1,19.7,17.8,32.7,70,4.9,9.1,5.4,66.5,78,58.4,5.7,36.8,29.5,18.2,54.9,11.3,33.1,2.9,32.3,78.5,14.4,35.7,80.5,12.7,37.2,3,17.2
4827684,13.6,16,21.4,24.9,67.2,4.8,7.6,3.1,64.9,83.3,68,3.4,39,38.6,12.7,72.5,6.8,28.3,1.9,22.2,77.4,10.2,28.1,83.6,8.1,31.5,1.7,6.7
4829000,27.4,20.1,17.2,32.5,72.1,5.3,9,5.6,66.5,78.7,58,6.1,31.4,28,18.3,57,11.8,34.4,3,33.4,73.3,14.2,32.3,78.9,13.5,34.2,3.1,15.6
4830464,27.2,17.9,18.3,30.5,69,4.6,8.9,4.6,66.3,78.8,58.3,5.1,32,28.2,17.4,58,10.7,31.7,2.7,31.8,75.3,13.7,33.3,80.3,12.2,35.4,2.6,15.4
4835000,30.5,18.5,19.1,30.8,70.9,4.9,8.3,5.4,67.9,77.7,57.2,5.3,28.2,29.1,17.5,54.2,12,33.8,3.1,31.2,77.2,13.8,34.1,81.7,12.8,35.8,3.1,17.8
4837000,26.6,16.3,18.5,27.8,67.6,4.3,8.4,4.4,64.5,77.4,57.1,4.9,31.6,27.9,16.6,58.8,9.8,30.4,2.5,30.8,73.6,13.3,30.1,79.8,11.7,33.7,2.5,15.8
4839148,23.9,17.2,20.6,29.2,66.1,3.9,9.3,3.9,65.9,74.7,57.9,4.7,30.9,29.6,19.1,58.5,9.7,27.2,2.5,30.7,77,15,37.2,82.5,11.2,39.9,2.4,15.4
4841464,42.6,18.5,16.3,31.7,70.1,4.2,8,6.2,64,74.9,44.2,5.3,22.1,18.5,18.2,44.9,15.7,33.1,3.7,41.4,76.2,15.7,42.1,82.4,16,35.4,3.1,20.1
4841980,15.8,19.2,23.6,27.1,69.2,5.3,8.2,4,63.6,81.2,64.1,4.2,40.1,30.4,16.9,69.7,8,30.8,2.2,25.5,75.6,11.6,31.4,81.3,9.6,34.8,2,7.7
4842508,21.8,16.8,21.7,27.4,67.2,4.6,8.5,3.9,64.6,77.8,61.3,4.6,33.5,30.9,16.8,62.8,8.5,28.8,2.3,29.1,74.2,13.1,31.2,82.5,10.6,32.1,2.1,12.4
4843888,23.9,24.4,17,36.9,74.5,6.5,9.5,6.8,67.7,78.3,60.8,7.3,35.2,29.5,19.9,55.8,12.5,34.7,3.4,33.9,75.3,15,36.1,80.8,14.3,35.2,3.8,16.5
4845000,24.1,19.4,19.1,29.6,70.7,5.3,8.9,5.4,63.8,74.6,60.6,5.6,31.3,28.1,17,52.2,10.2,31.3,2.8,31.1,76.8,14.7,33.4,79.5,12.2,35,2.8,14.4
4845384,35.8,18.1,16,32.2,74,5,7.5,6.3,65.6,79.8,54.3,5.1,29.5,26,13.9,54.1,15.5,32.3,3.5,34.4,78.2,13.5,41.5,81.7,14.2,32.5,3.1,13.6
4845744,17.7,18,20.2,27.4,68.8,5.2,8.1,4,64.7,81.2,65.4,4.4,37,35.8,14.8,65.7,8.1,29.6,2.3,25.7,77.3,11.7,30.9,82.1,9.8,33.5,2.1,11.3
4847892,25.8,20.3,18,32.6,71.4,5.3,9.6,5.5,66.7,78.4,57.4,6.3,31.1,27.5,19.3,57.2,11.2,33.4,2.9,33.2,73.3,14.8,33.8,80.1,13.5,34.6,3.1,16.7
4848072,23.6,20.7,19.8,31.1,72.3,6,8.3,5.3,64.4,79.8,59.1,5.3,34.7,30.6,15.5,63.3,10.4,32.7,2.7,29.7,75.5,12.6,32.7,81.4,11.7,32.5,2.7,11.6
4848768,38.4,18.6,16.2,32.3,73.7,5.2,7.7,6.5,65.6,79.2,55.5,5.5,31.2,28.1,14.5,53.6,15.1,32.2,3.5,35.1,77.3,13.8,41.4,81.3,14.4,32.5,3.2,14.3
4848804,17.8,20.6,16.1,34.9,75.9,5.4,8.5,4.5,72.7,84.5,65.4,4.4,34.6,35.1,13.6,67.8,11.7,33.6,2.7,27.3,80.2,10.7,31.3,82.1,10.3,35.4,2.7,9
4853388,29.1,21.3,18.5,31.7,72,5.6,8.6,5.8,64.2,77.5,55.8,5.9,30.9,26.9,17.6,53.4,11.8,33.2,3,33.9,74.5,13.9,35.1,79.5,13.1,32.8,2.9,15.1
4856000,35.4,19,19.8,29.1,69.1,5,8,5.7,65.4,76,55,6,28.3,29,18.7,52.8,11.7,35.2,3.1,33.3,74.5,14.9,34.2,80.5,13.9,34.5,3,18.6
4856348,17,18.7,18.8,28.3,70.5,5.2,7.8,3.8,67.1,82.6,65.2,3.9,34.5,33.9,13.5,68.9,8.6,30.3,2.2,26.8,77.9,10.7,30,81.9,9.2,32.3,2,8.6
4857200,44.4,18.4,15.5,32.9,72.6,4.7,8,6.7,64.3,76.4,49.9,5.8,27.8,24.9,16.4,45.3,16.5,32.5,3.8,39.1,77,15.6,44.4,80.6,16.1,34.2,3.4,16.4
4858016,15,18.5,18.2,28.4,72.4,5.6,7.5,4.1,66.7,83.6,65.9,4,38.2,37.9,12.2,68.4,8.6,31.7,2.3,23.9,77.6,10.1,27.6,80.6,9.1,32.6,2.1,8.3
4861796,16.4,19.2,18.1,29.5,73.5,6.1,7.9,4.8,67.5,82.2,66.1,4.5,38.2,34.5,12.7,69.2,9.1,33.2,2.5,25,75.4,10.7,26.4,80.2,9.8,30.7,2.4,8.8
4863500,19.6,18.2,20.9,26.6,65.7,4.6,8.1,3.7,65.3,79.3,64.4,4.1,34.3,33.5,15.6,66.3,8.4,29.9,2.2,25.7,77.1,12.4,30.5,84.6,9.9,34.3,2,9.7
4864472,24.7,22.1,19,31.3,73.3,6.1,8.5,6,66.3,77.5,59.5,5.9,35,31.1,16.6,58.9,11.3,33.5,3,31.9,74.6,13.4,34.3,80,12.5,34,3,14
4865000,30.4,19.7,19,32.3,71.7,5.3,8.1,5.8,63.6,77.7,58.3,5.3,30.8,29.1,16.8,55.3,13.1,32.1,3.2,34.3,77.9,13.8,34.5,82.4,13.3,35,3,15.2
4870808,14,19.5,15.8,30.8,76,5.8,6.9,4.5,70.4,84.8,65.4,3.8,37.3,37,11.1,72.4,10.4,35.1,2.4,24.5,78.1,9.1,23.7,78.6,9,32.1,2.3,6.7
4874144,23.7,23.1,16.6,36.8,74.3,6.5,9.3,6.6,68.4,78,60.2,6.6,32.5,29.8,18.2,51.8,12.4,34,3.4,32.4,76.9,14.3,34.7,78.9,13.4,35,3.7,16.2
4876000,27.4,20.9,17.1,34,71.3,5.4,9.7,6.2,66.6,73.2,58.8,6.7,29.7,25.4,19.9,54,12.1,32.7,3.3,35.4,75.5,16.6,36.7,80.3,14,34.8,3.5,18.1
4879000,22.4,25.2,18,33.4,74,5.9,9,6.4,68.8,77,60.6,6.7,30.4,31.5,19.6,59.4,11.7,33.9,3,34.1,77,14.6,37.5,80.7,13.4,38.2,3.2,14.6
4943660,13.8,20.4,11.5,24,66.1,5.3,9.1,4.1,61.5,72.1,70.1,4.1,36.5,32.3,11.2,74.4,7.5,29.2,2.3,20.9,75.4,12.4,27.5,78.8,10.5,31.4,2.1,11.1
4955980,21.7,22.9,11.7,28.7,67.1,5.3,10,5.3,60.1,67.7,63,5.4,28.9,30,14.7,64.8,9,28.7,3,26.2,73.8,15.6,33.8,77,14,34.2,2.9,17
4957300,15.3,16.2,7.8,19.6,64.8,5.1,8.7,4,55.8,65.8,67.6,4,32.9,28.1,7.9,71.5,6.5,27.6,2.5,20.9,74.9,12.4,25.4,75.9,10,30.4,2.2,11.7
4962470,16.7,11.4,7.9,15,53.9,3.4,9.4,2.7,52,54.5,66.8,3.4,33.7,28.5,8.4,65.3,4.6,22.3,2.1,21.4,75.1,15.6,24.6,73,9.3,30.9,1.6,10.8
4965330,15.5,23.9,9.7,28.2,74.7,7.9,9.2,6.7,62.7,72.1,69.4,5.7,36.4,27.9,10.2,71.2,9.2,34.4,3.3,23.5,72.5,12.4,25,78.8,12.1,30.8,3.3,12.3
4967000,17.3,16.7,15,23.1,63.4,5.2,9.3,4.2,59.2,68.6,67.5,4,34.1,32.4,10.8,68.5,7.2,27.5,2.6,22.5,78.2,12.4,26.1,79.2,10.4,30.4,2.2,11.3
4967440,11.9,19.2,15.4,24.2,66.2,6.1,9.2,4.1,61.5,74.4,72.4,4.1,36.7,36,9.9,76.6,6.9,29.5,2.4,19.9,78.6,11.1,24.8,79.7,9.8,29.1,2.2,8.4
4982950,16.4,15.9,16.6,21.1,59,4.6,9.6,3.3,57.9,68.8,67.8,3.8,34,34.1,12.2,71.4,6.2,25.9,2.2,22.1,77.5,12.9,26.5,78.9,10.1,31.4,1.9,10.1
4983470,23.6,17.9,14.3,24.8,62.5,4.8,9.9,4.6,58.6,66.6,62.4,5,29.1,28.9,14.1,61.4,8.6,28.8,2.8,27.8,75.9,14.6,29.4,76.6,12.8,33.4,2.6,16.7
5010675,9.9,16.9,20.8,19.9,63.2,4.7,11.3,4.2,61,66.8,68.8,4.8,39,31.5,14.9,70.5,5.5,22.7,2.2,18.3,78.2,15,23.5,,9.4,28.6,2,13.3
5101000,12.9,19,19.7,25.1,69.6,5.2,8.8,3.7,69,80.5,72.4,4.3,44.2,40.5,14.4,71,7.6,28.5,2.2,21.6,82.9,11,27.7,86.7,9.1,31.9,2.1,9
5116000,12.8,25.3,17.1,33.3,76,6.2,10,5,75.4,81.7,71.8,6.3,45,35.4,17.5,72.5,10.7,32.9,2.8,26.6,82.3,12.8,35.6,86,11.4,38.1,2.9,13
5135000,15,26.3,16.4,34.8,76.3,6,11,5.8,75.9,80.2,67.8,7,34.3,32.7,21.4,66.3,13,32.3,3.2,28.9,83.7,13.7,38.6,85.6,12.6,43,3.6,17.1
5147672,14.8,23.8,16.7,32.3,74.6,6.1,10.5,5.9,71.5,74.9,64,7.2,36.4,32.6,19,66.2,10.7,32.2,3.1,28.5,81.7,15,34.2,84.4,12.4,36.4,3.3,16.7
5156000,16.1,24.8,18.2,32.6,74.2,5.6,10.4,5.4,72.8,77.7,65.7,6.7,36,34.3,20.6,64.5,11.4,31.3,3,28.5,81.3,14.1,34.9,85.1,12.5,38.1,3.2,16
5157000,16.2,21.4,19.4,32.1,70.6,5,10.6,4.9,72.4,74.5,64.9,6.2,33.4,32.6,19.9,62.3,10.9,29.4,2.9,27.6,83.4,14.3,33.5,84.3,11.5,41.2,3.1,17.3
5164000,16.4,26.5,15.2,37.3,76.3,6.3,10.8,6.2,76.6,79.5,68.3,7.6,36.9,33.7,21.5,60.5,13.4,33.5,3.4,30.6,83.7,14.1,39,86.3,13.5,44.8,4,19
5167000,16.9,20.9,19.3,33,75.5,5.3,10.8,5.6,71.4,76.1,63.4,7,31.5,33.6,20.1,62.2,12.2,29.8,3.3,28.3,84.1,14.8,33.6,83.8,13,38.7,3.7,18.9
5168000,16.5,28.9,15.9,38.1,76.4,6.9,10.4,7,73.8,79.1,67.1,8.8,39.3,34.2,22.7,60.5,12.5,35.4,3.5,33.3,82.7,15.1,36.3,85.3,14.9,39.4,4,18.1
5176432,14.3,26,16.1,35.6,75.4,6.3,10.3,5.7,75.5,81.4,65.9,7,40.8,33.3,19.9,67.4,11.9,33.6,3,28.3,82.9,13.1,34.3,85.2,12.7,41.4,3.4,15.3
5182000,12.6,21.9,19.6,27.2,72.6,6,9.1,4.6,71.6,80,72.2,5.6,43.9,42.6,17.3,74,8.8,32.1,2.5,23.4,82.2,11.9,28.4,82.6,10.2,37.5,2.4,9.9
5303180,12.2,22.1,17.5,26.1,63.9,6,10.3,5.1,62.1,76.1,63.4,6.1,38.2,33,15.4,64.5,8.3,29.7,2.9,19.5,76.1,14.8,25.3,,12.6,32.7,2.9,13.6
5305210,7.7,19.1,16.1,23.1,66,6.5,8.1,4.1,64.4,81.7,70.8,3.7,45.2,39.7,8.4,76.7,6.8,28.7,2.4,13.6,78.4,9.5,18,,8.4,28.5,2.2,5.9
5305280,9.8,20.2,20.4,24.7,68.3,5.9,10.7,4.8,62.7,72.1,69.1,5.4,43.2,29.6,15.2,63.7,7.4,28.8,2.7,17.3,71.8,14.6,29.1,,11,30.1,2.5,12.1
5322640,12.6,21.9,18,29.8,65.1,5.9,10.3,5.1,60.1,75.7,60.3,6.1,33.8,29.8,18,60.2,8.9,29.9,2.9,22.7,72.4,14.4,31.3,,13.4,37.6,2.8,14.1
5323515,12.6,21.2,16.5,26.2,64.6,5.8,9.9,4.9,63.2,77.2,63.4,5.5,38.4,33.3,13.9,65,8.7,29.6,2.9,19.2,76.7,14,24.2,,12.1,32.8,2.9,11.6
5335275,14.3,23.4,17,29,68.2,6.3,10.6,5.6,61.3,74.3,63.2,6.8,29.8,29.7,17.7,63.2,9,33.1,3.1,22.8,74.3,15.2,33.4,,14,33.7,3.1,16
5335415,14.2,20.4,16.6,25.6,62.5,5.4,10.2,4.8,61.9,75.1,61.7,5.7,37.6,32.6,15.5,62.1,8.6,28.8,2.9,20.3,76.4,15,25.1,,12.6,33.6,2.9,12.8
5357745,11.2,19.1,16.7,24.2,63.4,5.5,9.3,4.2,62.9,78,65.3,4.6,39.9,35.1,12.4,68.2,7.8,28,2.6,17.4,77.3,12.5,22.2,,10.5,32.2,2.5,9.7
5363000,8.3,17.7,18.5,22,62.5,5.6,9.1,3.7,61.9,78,69,3.8,41.9,36.5,10.2,73.2,6.5,26.5,2.4,14.3,78.9,11.5,20.8,,8.9,29.4,2.2,7.5
5367000,10.5,24.1,16.4,28.4,70.5,6.8,11.2,5.9,62.2,75.8,65.1,6.9,36.4,33.6,18.3,60.9,8.8,31.6,3.1,22.1,79.7,15.3,29.3,,13.5,32.4,3.2,17.5
5367167,9.9,25.4,16.5,29.3,71.7,7.3,11,6.1,63.1,78,66.8,6.9,37.3,34.9,17.6,63.9,8.8,32.6,3.1,21.5,79.4,14.4,28.9,,13.3,31.8,3.2,15.8
5370000,11.8,25.2,16.8,31.5,67.4,6.2,11.4,5.6,64.8,76.1,64.8,6.2,37.8,33.1,18.5,62.1,10.3,31.2,3,22.6,77.3,15.1,30.8,,13.6,38,3,14.6
5374060,11,23.7,16.9,28.9,69.9,6.5,10.4,5.6,60.5,75.3,68.3,6.4,36,33.2,17.6,66.3,9.6,31.7,3,20,76.4,14.1,33.9,,12.6,32.4,3,13.7
5380010,20.1,25.8,14.4,32.2,70.2,6.5,11.3,6.9,62.1,74.1,58.9,7.7,31.3,28.6,17.9,57.4,11.8,31.6,3.7,28.5,73.9,16,36.8,,16.1,33.3,3.7,17.6
5414600,10.3,35.5,11.8,43.4,80.4,7.4,11.2,8.4,80.5,83.4,70.3,10.7,47.8,39.7,21.4,62,14.7,38.6,3.4,29.1,80.7,16,38.7,86.2,15.9,39.6,3.8,21.7
5502375,9.8,23.3,25.5,27.1,72.5,6.3,9.6,5.1,70.5,79.5,68.3,5.3,35.1,29.6,18,74.1,7.9,32.6,2.6,21.8,78.1,12.2,31.9,83.8,11.2,29.8,2.6,12.8
5531000,12.6,22.4,25.5,29,72.3,6.2,10.3,5.7,69.6,77.6,65.3,6,29.2,26.5,19.7,67.4,8.6,32.2,2.9,24.1,78.5,13.5,34.6,83.7,12.2,35.9,3,16.3
5539225,13,23.9,25,28.6,71.8,6,10,5.4,71,77.9,67.9,5.7,29.9,29.7,20.5,64.7,8.4,32,2.9,24.4,79.7,13.3,32.8,85.1,12.3,34.8,2.9,15.3
5548000,9,17.3,27.6,22.1,67.8,5.2,9.4,3.7,63.3,76.3,72,3.8,32.2,34,13.9,72.8,5.8,28.2,2.2,18.1,82,11.8,26,85.8,8.7,29.4,2,9.7
5553000,16.2,22.4,23,31.2,73.6,5.1,11.4,5.4,72.1,76.2,61.7,6,24.5,26.2,22.4,58.7,9.9,29.9,3.3,29.5,81.1,15.9,35,84.8,13.7,39.2,3.5,20.2
5566000,15.4,24.3,23.4,31.6,72.8,6.1,10.8,5.9,69.2,78,62.7,6.2,31.1,25.4,21.1,62.6,9.9,33.1,3.2,26.4,77.7,14.1,39.9,82.6,13.4,39.8,3.4,16.9
5584250,10.1,22.9,24.4,26.3,71.5,6.1,9.3,4.6,68.9,79.1,66.5,4.7,31.8,32.9,16.7,73,7.1,30.8,2.5,21,78.3,11.9,31.2,83.2,10.2,33.4,2.3,11.5
5613900,15.9,23.9,16.9,30.4,72.1,6.8,9.6,5.6,65.2,75.8,61,6.2,35.2,30.3,18.3,69.2,8.7,31.3,2.7,25.8,72.9,11.5,29.2,79.5,10.9,33.1,2.8,13.7
