NPI,PercPenalty,Penalty
10149,0.01,0
30093,0.01,0
30123,0.01,0
40050,0.01,0
50248,0.01,0
50417,0.01,0
50424,0.01,0
50744,0.01,0
50772,0.01,0
60028,0.01,0
60064,0.01,0
60104,0.01,0
120006,0.01,0
120022,0.01,0
140281,0.01,0
160082,0.01,0
170133,0.01,0
180087,0.01,0
190183,0.01,0
200039,0.01,0
200063,0.01,0
220088,0.01,0
220175,0.01,0
250044,0.01,0
270074,0.01,0
310073,0.01,0
320038,0.01,0
330151,0.01,0
330211,0.01,0
340037,0.01,0
360027,0.01,0
360032,0.01,0
360159,0.01,0
360239,0.01,0
370013,0.01,0
380009,0.01,0
390112,0.01,0
430016,0.01,0
440192,0.01,0
450058,0.01,0
450213,0.01,0
450389,0.01,0
460014,0.01,0
460042,0.01,0
500008,0.01,0
670077,0.01,0
670106,0.01,0
10097,0.02,0
10128,0.02,0
30011,0.02,0
50075,0.02,0
50168,0.02,0
50234,0.02,0
50238,0.02,0
60011,0.02,0
60020,0.02,0
60049,0.02,0
60119,0.02,0
100166,0.02,0
110006,0.02,0
130002,0.02,0
150084,0.02,0
150173,0.02,0
180103,0.02,0
220077,0.02,0
220084,0.02,0
220101,0.02,0
230297,0.02,0
240101,0.02,0
240213,0.02,0
280003,0.02,0
300018,0.02,0
340113,0.02,0
360036,0.02,0
360095,0.02,0
370011,0.02,0
390013,0.02,0
390044,0.02,0
430077,0.02,0
440109,0.02,0
450035,0.02,0
450231,0.02,0
470005,0.02,0
490069,0.02,0
500051,0.02,0
670034,0.02,0
10034,0.03,0
30105,0.03,0
50272,0.03,0
50425,0.03,0
80006,0.03,0
100008,0.03,0
100068,0.03,0
100281,0.03,0
140083,0.03,0
140291,0.03,0
150030,0.03,0
150057,0.03,0
150076,0.03,0
180079,0.03,0
240006,0.03,0
240214,0.03,0
260137,0.03,0
270023,0.03,0
250168,0.03,0
310029,0.03,0
320011,0.03,0
330153,0.03,0
340084,0.03,0
340114,0.03,0
350063,0.03,0
360002,0.03,0
360161,0.03,0
370029,0.03,0
380056,0.03,0
380089,0.03,0
390096,0.03,0
390102,0.03,0
390163,0.03,0
440082,0.03,0
500054,0.03,0
520098,0.03,0
520207,0.03,0
370156,0.03,0
510082,0.03,0
10087,0.04,0
30010,0.04,0
30103,0.04,0
50071,0.04,0
50090,0.04,0
50189,0.04,0
50224,0.04,0
50348,0.04,0
50757,0.04,0
90004,0.04,0
100038,0.04,0
150010,0.04,0
150011,0.04,0
150150,0.04,0
160047,0.04,0
260078,0.04,0
280061,0.04,0
50776,0.04,0
310130,0.04,0
330103,0.04,0
330279,0.04,0
360074,0.04,0
370227,0.04,0
390153,0.04,0
420005,0.04,0
430084,0.04,0
440102,0.04,0
440184,0.04,0
450090,0.04,0
450610,0.04,0
470003,0.04,0
490037,0.04,0
500007,0.04,0
500039,0.04,0
500151,0.04,0
40017,0.05,0
50045,0.05,0
50108,0.05,0
50360,0.05,0
50745,0.05,0
60034,0.05,0
110146,0.05,0
120002,0.05,0
140089,0.05,0
140145,0.05,0
150058,0.05,0
170006,0.05,0
190064,0.05,0
230017,0.05,0
240053,0.05,0
240066,0.05,0
260057,0.05,0
260064,0.05,0
320001,0.05,0
320016,0.05,0
330057,0.05,0
330102,0.05,0
330136,0.05,0
360058,0.05,0
370234,0.05,0
380002,0.05,0
390071,0.05,0
390111,0.05,0
390168,0.05,0
390226,0.05,0
420033,0.05,0
420089,0.05,0
450822,0.05,0
490001,0.05,0
520107,0.05,0
10086,0.06,0
20017,0.06,0
30036,0.06,0
50007,0.06,0
50104,0.06,0
50696,0.06,0
60009,0.06,0
60044,0.06,0
100177,0.06,0
110026,0.06,0
140155,0.06,0
150146,0.06,0
170103,0.06,0
170191,0.06,0
180092,0.06,0
240019,0.06,0
240093,0.06,0
240106,0.06,0
250084,0.06,0
260200,0.06,0
360121,0.06,0
390008,0.06,0
390068,0.06,0
440029,0.06,0
450033,0.06,0
450039,0.06,0
500005,0.06,0
500079,0.06,0
10073,0.07,0
30111,0.07,0
30114,0.07,0
40004,0.07,0
50040,0.07,0
50573,0.07,0
50674,0.07,0
50740,0.07,0
50746,0.07,0
60032,0.07,0
110078,0.07,0
140135,0.07,0
160058,0.07,0
240010,0.07,0
240036,0.07,0
240064,0.07,0
310119,0.07,0
350019,0.07,0
350070,0.07,0
360197,0.07,0
380038,0.07,0
390004,0.07,0
390139,0.07,0
390222,0.07,0
420007,0.07,0
440228,0.07,0
450054,0.07,0
450078,0.07,0
450080,0.07,0
450235,0.07,0
450395,0.07,0
500064,0.07,0
510012,0.07,0
520011,0.07,0
520138,0.07,0
670053,0.07,0
420107,0.07,0
50028,0.08,0
50054,0.08,0
50140,0.08,0
50290,0.08,0
50315,0.08,0
50335,0.08,0
70035,0.08,0
100249,0.08,0
100319,0.08,0
140032,0.08,0
150012,0.08,0
160146,0.08,0
170086,0.08,0
190005,0.08,0
230058,0.08,0
230078,0.08,0
240001,0.08,0
260020,0.08,0
260048,0.08,0
290001,0.08,0
300005,0.08,0
330088,0.08,0
360085,0.08,0
360348,0.08,0
360359,0.08,0
370028,0.08,0
370049,0.08,0
390184,0.08,0
440111,0.08,0
450044,0.08,0
450119,0.08,0
450133,0.08,0
450419,0.08,0
460017,0.08,0
490050,0.08,0
500088,0.08,0
500141,0.08,0
510031,0.08,0
520019,0.08,0
520057,0.08,0
520075,0.08,0
10008,0.09,0
10108,0.09,0
20026,0.09,0
30002,0.09,0
30014,0.09,0
50089,0.09,0
50376,0.09,0
50441,0.09,0
60022,0.09,0
70034,0.09,0
100230,0.09,0
110024,0.09,0
120007,0.09,0
170142,0.09,0
180141,0.09,0
190205,0.09,0
250057,0.09,0
260022,0.09,0
310060,0.09,0
330188,0.09,0
330214,0.09,0
330232,0.09,0
390256,0.09,0
420011,0.09,0
420073,0.09,0
430005,0.09,0
450340,0.09,0
490130,0.09,0
500025,0.09,0
510013,0.09,0
510086,0.09,0
530008,0.09,0
50038,0.1,0
50228,0.1,0
50230,0.1,0
50242,0.1,0
50438,0.1,0
100028,0.1,0
140148,0.1,0
150024,0.1,0
160005,0.1,0
190006,0.1,0
230121,0.1,0
320060,0.1,0
330219,0.1,0
340119,0.1,0
360210,0.1,0
380051,0.1,0
390045,0.1,0
420004,0.1,0
440137,0.1,0
440148,0.1,0
450137,0.1,0
450518,0.1,0
450694,0.1,0
490018,0.1,0
490094,0.1,0
520030,0.1,0
520045,0.1,0
670041,0.1,0
10101,0.11,0
20008,0.11,0
50073,0.11,0
50292,0.11,0
50373,0.11,0
50589,0.11,0
60065,0.11,0
100047,0.11,0
100253,0.11,0
110010,0.11,0
140010,0.11,0
140143,0.11,0
160013,0.11,0
190208,0.11,0
240018,0.11,0
270086,0.11,0
330245,0.11,0
340085,0.11,0
360037,0.11,0
390197,0.11,0
440049,0.11,0
450051,0.11,0
450124,0.11,0
450130,0.11,0
450462,0.11,0
450563,0.11,0
450872,0.11,0
460015,0.11,0
490119,0.11,0
490143,0.11,0
500030,0.11,0
40015,0.12,0
50025,0.12,0
50057,0.12,0
50393,0.12,0
60014,0.12,0
70021,0.12,0
110023,0.12,0
110143,0.12,0
150037,0.12,0
160079,0.12,0
180019,0.12,0
190111,0.12,0
240020,0.12,0
240210,0.12,0
250117,0.12,0
330191,0.12,0
340004,0.12,0
360180,0.12,0
370106,0.12,0
370166,0.12,0
390057,0.12,0
440039,0.12,0
450537,0.12,0
530002,0.12,0
30024,0.13,0
50082,0.13,0
50131,0.13,0
50663,0.13,0
60008,0.13,0
110016,0.13,0
150035,0.13,0
160029,0.13,0
170166,0.13,0
220002,0.13,0
230117,0.13,0
240002,0.13,0
250017,0.13,0
310010,0.13,0
320059,0.13,0
320074,0.13,0
360003,0.13,0
360076,0.13,0
390150,0.13,0
450024,0.13,0
30037,0.14,0
50396,0.14,0
50551,0.14,0
100267,0.14,0
100286,0.14,0
140127,0.14,0
140209,0.14,0
140223,0.14,0
160089,0.14,0
190039,0.14,0
260102,0.14,0
260183,0.14,0
280013,0.14,0
320084,0.14,0
360179,0.14,0
390032,0.14,0
390046,0.14,0
390073,0.14,0
390180,0.14,0
390192,0.14,0
450128,0.14,0
500139,0.14,0
520013,0.14,0
10091,0.15,0
50159,0.15,0
50454,0.15,0
50528,0.15,0
50599,0.15,0
50625,0.15,0
140289,0.15,0
150017,0.15,0
160147,0.15,0
170009,0.15,0
180078,0.15,0
230038,0.15,0
230222,0.15,0
240056,0.15,0
260091,0.15,0
280040,0.15,0
310034,0.15,0
330079,0.15,0
360017,0.15,0
360152,0.15,0
450271,0.15,0
450558,0.15,0
450643,0.15,0
450716,0.15,0
490101,0.15,0
500084,0.15,0
510030,0.15,0
10150,0.16,0
50078,0.16,0
50100,0.16,0
50115,0.16,0
50257,0.16,0
50394,0.16,0
50616,0.16,0
100030,0.16,0
100062,0.16,0
110036,0.16,0
110092,0.16,0
140252,0.16,0
150021,0.16,0
150162,0.16,0
160067,0.16,0
170122,0.16,0
190090,0.16,0
190218,0.16,0
230035,0.16,0
240063,0.16,0
240076,0.16,0
250002,0.16,0
300001,0.16,0
330049,0.16,0
360016,0.16,0
360189,0.16,0
370002,0.16,0
370054,0.16,0
390116,0.16,0
410013,0.16,0
420037,0.16,0
420051,0.16,0
420083,0.16,0
420098,0.16,0
440010,0.16,0
440125,0.16,0
450102,0.16,0
450108,0.16,0
450135,0.16,0
450330,0.16,0
450668,0.16,0
450869,0.16,0
460009,0.16,0
490048,0.16,0
520206,0.16,0
30038,0.17,0
30119,0.17,0
50042,0.17,0
50305,0.17,0
50689,0.17,0
60024,0.17,0
100140,0.17,0
110034,0.17,0
110064,0.17,0
150166,0.17,0
160045,0.17,0
230029,0.17,0
240014,0.17,0
240080,0.17,0
250001,0.17,0
250067,0.17,0
260105,0.17,0
290047,0.17,0
310084,0.17,0
330065,0.17,0
360054,0.17,0
370112,0.17,0
390130,0.17,0
420019,0.17,0
450209,0.17,0
450771,0.17,0
510055,0.17,0
10062,0.18,0
50557,0.18,0
50567,0.18,0
50760,0.18,0
100073,0.18,0
100105,0.18,0
110071,0.18,0
150008,0.18,0
150074,0.18,0
150089,0.18,0
180012,0.18,0
230085,0.18,0
230110,0.18,0
230239,0.18,0
240057,0.18,0
260162,0.18,0
280130,0.18,0
330204,0.18,0
340013,0.18,0
360270,0.18,0
390002,0.18,0
390063,0.18,0
390157,0.18,0
420018,0.18,0
440016,0.18,0
440050,0.18,0
440194,0.18,0
450152,0.18,0
450196,0.18,0
450766,0.18,0
450848,0.18,0
520017,0.18,0
520028,0.18,0
520078,0.18,0
520109,0.18,0
520139,0.18,0
520160,0.18,0
30030,0.19,0
40047,0.19,0
50308,0.19,0
100048,0.19,0
100049,0.19,0
110040,0.19,0
140186,0.19,0
150061,0.19,0
160028,0.19,0
170039,0.19,0
240115,0.19,0
250082,0.19,0
280065,0.19,0
330047,0.19,0
340008,0.19,0
360055,0.19,0
360148,0.19,0
440081,0.19,0
460005,0.19,0
490041,0.19,0
500044,0.19,0
10051,0.2,0
50110,0.2,0
50320,0.2,0
70006,0.2,0
100320,0.2,0
150048,0.2,0
150172,0.2,0
160153,0.2,0
170017,0.2,0
170137,0.2,0
240043,0.2,0
240088,0.2,0
330101,0.2,0
360025,0.2,0
360192,0.2,0
360262,0.2,0
390006,0.2,0
390090,0.2,0
420104,0.2,0
440059,0.2,0
440156,0.2,0
450068,0.2,0
450229,0.2,0
450847,0.2,0
510072,0.2,0
520021,0.2,0
10114,0.21,0
40007,0.21,0
50764,0.21,0
70004,0.21,0
70016,0.21,0
70024,0.21,0
110132,0.21,0
140058,0.21,0
150018,0.21,0
170016,0.21,0
180101,0.21,0
190054,0.21,0
190116,0.21,0
230080,0.21,0
240040,0.21,0
250095,0.21,0
260004,0.21,0
260138,0.21,0
340021,0.21,0
340184,0.21,0
360072,0.21,0
370037,0.21,0
370202,0.21,0
390050,0.21,0
390328,0.21,0
440193,0.21,0
450347,0.21,0
490140,0.21,0
500014,0.21,0
510022,0.21,0
520002,0.21,0
520027,0.21,0
670080,0.21,0
670103,0.21,0
10110,0.22,0
30016,0.22,0
40014,0.22,0
50014,0.22,0
50254,0.22,0
110101,0.22,0
140065,0.22,0
140180,0.22,0
150102,0.22,0
180138,0.22,0
190102,0.22,0
220012,0.22,0
220095,0.22,0
220110,0.22,0
250167,0.22,0
290007,0.22,0
340032,0.22,0
340047,0.22,0
340186,0.22,0
360087,0.22,0
360147,0.22,0
370047,0.22,0
390179,0.22,0
440008,0.22,0
450447,0.22,0
510001,0.22,0
520008,0.22,0
520193,0.22,0
10069,0.23,0
30084,0.23,0
50013,0.23,0
70039,0.23,0
100200,0.23,0
110201,0.23,0
140167,0.23,0
160033,0.23,0
180018,0.23,0
190202,0.23,0
230207,0.23,0
240071,0.23,0
240078,0.23,0
250036,0.23,0
260027,0.23,0
260032,0.23,0
260113,0.23,0
280111,0.23,0
330127,0.23,0
340075,0.23,0
370008,0.23,0
370178,0.23,0
370229,0.23,0
380021,0.23,0
420048,0.23,0
440083,0.23,0
450885,0.23,0
500027,0.23,0
520116,0.23,0
670085,0.23,0
10169,0.24,0
50099,0.24,0
50534,0.24,0
70020,0.24,0
70036,0.24,0
100128,0.24,0
140202,0.24,0
190146,0.24,0
260216,0.24,0
280105,0.24,0
320002,0.24,0
320063,0.24,0
340143,0.24,0
340155,0.24,0
360107,0.24,0
450087,0.24,0
450658,0.24,0
470001,0.24,0
500003,0.24,0
500060,0.24,0
30083,0.25,0
50113,0.25,0
50180,0.25,0
100051,0.25,0
140077,0.25,0
140189,0.25,0
150047,0.25,0
190015,0.25,0
200024,0.25,0
220016,0.25,0
240059,0.25,0
240141,0.25,0
340144,0.25,0
380018,0.25,0
380033,0.25,0
440007,0.25,0
450424,0.25,0
450651,0.25,0
450890,0.25,0
490090,0.25,0
500129,0.25,0
50455,0.26,0
50641,0.26,0
110030,0.26,0
140064,0.26,0
170175,0.26,0
320005,0.26,0
360056,0.26,0
370089,0.26,0
500011,0.26,0
500150,0.26,0
30094,0.27,0
50026,0.27,0
50226,0.27,0
70007,0.27,0
100086,0.27,0
100151,0.27,0
140008,0.27,0
140240,0.27,0
180017,0.27,0
220017,0.27,0
230193,0.27,0
240022,0.27,0
250034,0.27,0
250077,0.27,0
260047,0.27,0
300020,0.27,0
320017,0.27,0
360010,0.27,0
370173,0.27,0
390076,0.27,0
420038,0.27,0
440091,0.27,0
440144,0.27,0
440159,0.27,0
490032,0.27,0
490042,0.27,0
490122,0.27,0
670055,0.27,0
420108,0.27,0
100135,0.28,0
110184,0.28,0
110229,0.28,0
140091,0.28,0
140292,0.28,0
160001,0.28,0
190176,0.28,0
240004,0.28,0
150175,0.28,0
310075,0.28,0
330086,0.28,0
340030,0.28,0
390009,0.28,0
420072,0.28,0
450272,0.28,0
460019,0.28,0
490011,0.28,0
50149,0.29,0
50570,0.29,0
50771,0.29,0
100026,0.29,0
100296,0.29,0
130025,0.29,0
140275,0.29,0
150023,0.29,0
150104,0.29,0
190081,0.29,0
220015,0.29,0
240052,0.29,0
290053,0.29,0
310021,0.29,0
330005,0.29,0
340061,0.29,0
350015,0.29,0
360133,0.29,0
390058,0.29,0
390258,0.29,0
410005,0.29,0
420020,0.29,0
450154,0.29,0
450241,0.29,0
450571,0.29,0
490022,0.29,0
490044,0.29,0
520088,0.29,0
10049,0.3,0
30117,0.3,0
40018,0.3,0
50704,0.3,0
70002,0.3,0
70031,0.3,0
100211,0.3,0
120005,0.3,0
190044,0.3,0
320018,0.3,0
370001,0.3,0
390066,0.3,0
390117,0.3,0
440012,0.3,0
450097,0.3,0
450236,0.3,0
450656,0.3,0
450711,0.3,0
520063,0.3,0
30064,0.31,0
50152,0.31,0
60027,0.31,0
60031,0.31,0
100292,0.31,0
110002,0.31,0
190025,0.31,0
230105,0.31,0
330399,0.31,0
340041,0.31,0
340145,0.31,0
370030,0.31,0
390114,0.31,0
450743,0.31,0
670088,0.31,0
10021,0.32,0
10099,0.32,0
30007,0.32,0
30089,0.32,0
50261,0.32,0
50488,0.32,0
90011,0.32,0
100035,0.32,0
110150,0.32,0
140124,0.32,0
180011,0.32,0
190144,0.32,0
230059,0.32,0
230096,0.32,0
230241,0.32,0
240030,0.32,0
240104,0.32,0
260227,0.32,0
310069,0.32,0
330285,0.32,0
360123,0.32,0
440060,0.32,0
520096,0.32,0
530011,0.32,0
100154,0.33,0
140119,0.33,0
140197,0.33,0
150056,0.33,0
220105,0.33,0
250006,0.33,0
250048,0.33,0
250138,0.33,0
260186,0.33,0
30137,0.33,0
330013,0.33,0
330385,0.33,0
360081,0.33,0
390086,0.33,0
420009,0.33,0
420030,0.33,0
450639,0.33,0
520051,0.33,0
520059,0.33,0
670031,0.33,0
10011,0.34,0
50245,0.34,0
50296,0.34,0
50313,0.34,0
50492,0.34,0
100054,0.34,0
110051,0.34,0
140084,0.34,0
180070,0.34,0
180088,0.34,0
190308,0.34,0
230046,0.34,0
230195,0.34,0
250004,0.34,0
290012,0.34,0
330144,0.34,0
330397,0.34,0
360048,0.34,0
370057,0.34,0
410007,0.34,0
450565,0.34,0
490111,0.34,0
490113,0.34,0
500152,0.34,0
520136,0.34,0
50122,0.35,0
50191,0.35,0
50382,0.35,0
50684,0.35,0
100228,0.35,0
100285,0.35,0
120026,0.35,0
160016,0.35,0
180024,0.35,0
220049,0.35,0
330115,0.35,0
360012,0.35,0
360035,0.35,0
360118,0.35,0
390093,0.35,0
390270,0.35,0
450056,0.35,0
450085,0.35,0
450147,0.35,0
450399,0.35,0
450647,0.35,0
450840,0.35,0
510008,0.35,0
520177,0.35,0
10052,0.36,0
50103,0.36,0
80003,0.36,0
100266,0.36,0
140150,0.36,0
140280,0.36,0
190007,0.36,0
220071,0.36,0
230167,0.36,0
300034,0.36,0
330119,0.36,0
330180,0.36,0
330182,0.36,0
360144,0.36,0
370041,0.36,0
370218,0.36,0
380071,0.36,0
440197,0.36,0
500077,0.36,0
670082,0.36,0
10016,0.37,0
10157,0.37,0
40088,0.37,0
50024,0.37,0
50231,0.37,0
100106,0.37,0
100289,0.37,0
170182,0.37,0
330226,0.37,0
360014,0.37,0
440057,0.37,0
20006,0.38,0
50204,0.38,0
50468,0.38,0
60113,0.38,0
100055,0.38,0
110015,0.38,0
110194,0.38,0
120019,0.38,0
140174,0.38,0
140228,0.38,0
190242,0.38,0
230077,0.38,0
230095,0.38,0
230165,0.38,0
260062,0.38,0
330199,0.38,0
340053,0.38,0
360185,0.38,0
410004,0.38,0
500050,0.38,0
500053,0.38,0
10112,0.39,0
40016,0.39,0
40114,0.39,0
50298,0.39,0
50688,0.39,0
50773,0.39,0
150015,0.39,0
150026,0.39,0
150042,0.39,0
150133,0.39,0
170104,0.39,0
170105,0.39,0
180010,0.39,0
190011,0.39,0
360134,0.39,0
370180,0.39,0
390041,0.39,0
390107,0.39,0
440104,0.39,0
470012,0.39,0
520062,0.39,0
50167,0.4,0
50334,0.4,0
50378,0.4,0
70003,0.4,0
100181,0.4,0
100242,0.4,0
110083,0.4,0
110100,0.4,0
110164,0.4,0
140088,0.4,0
150005,0.4,0
190098,0.4,0
310009,0.4,0
310052,0.4,0
330222,0.4,0
370023,0.4,0
450893,0.4,0
510023,0.4,0
70019,0.41,0
100014,0.41,0
140251,0.41,0
150126,0.41,0
190118,0.41,0
220163,0.41,0
230015,0.41,0
230097,0.41,0
260209,0.41,0
330084,0.41,0
340130,0.41,0
340141,0.41,0
360006,0.41,0
360070,0.41,0
370056,0.41,0
420026,0.41,0
420043,0.41,0
420066,0.41,0
450194,0.41,0
450348,0.41,0
460001,0.41,0
520113,0.41,0
30115,0.42,0
40137,0.42,0
110007,0.42,0
140115,0.42,0
150112,0.42,0
240166,0.42,0
280125,0.42,0
320009,0.42,0
360137,0.42,0
440130,0.42,0
450064,0.42,0
450746,0.42,0
10033,0.43,0
10047,0.43,0
50407,0.43,0
90001,0.43,0
100132,0.43,0
110104,0.43,0
110130,0.43,0
140162,0.43,0
190106,0.43,0
310012,0.43,0
310015,0.43,0
310057,0.43,0
340028,0.43,0
360075,0.43,0
360078,0.43,0
390183,0.43,0
450669,0.43,0
10148,0.44,0
30006,0.44,0
80009,0.44,0
100017,0.44,0
100290,0.44,0
160110,0.44,0
180066,0.44,0
250102,0.44,0
320006,0.44,0
330307,0.44,0
340016,0.44,0
360009,0.44,0
360041,0.44,0
370100,0.44,0
390237,0.44,0
440034,0.44,0
450672,0.44,0
450697,0.44,0
670056,0.44,0
50380,0.45,0
50580,0.45,0
330265,0.45,0
340068,0.45,0
340070,0.45,0
340142,0.45,0
440020,0.45,0
440185,0.45,0
450055,0.45,0
450644,0.45,0
500012,0.45,0
30122,0.46,0
50047,0.46,0
50367,0.46,0
50736,0.46,0
100039,0.46,0
100168,0.46,0
110073,0.46,0
110076,0.46,0
110107,0.46,0
260040,0.46,0
360218,0.46,0
420053,0.46,0
440053,0.46,0
450079,0.46,0
450203,0.46,0
500031,0.46,0
100046,0.47,0
100255,0.47,0
110054,0.47,0
140018,0.47,0
170012,0.47,0
170040,0.47,0
240038,0.47,0
240075,0.47,0
250012,0.47,0
390290,0.47,0
10089,0.48,0
30065,0.48,0
50222,0.48,0
50603,0.48,0
100002,0.48,0
190204,0.48,0
230277,0.48,0
260081,0.48,0
280060,0.48,0
310041,0.48,0
330078,0.48,0
390137,0.48,0
420068,0.48,0
450431,0.48,0
450661,0.48,0
450678,0.48,0
10113,0.49,0
50150,0.49,0
50153,0.49,0
50281,0.49,0
70025,0.49,0
100122,0.49,0
170200,0.49,0
180064,0.49,0
190050,0.49,0
220065,0.49,0
250007,0.49,0
280077,0.49,0
330024,0.49,0
330094,0.49,0
330233,0.49,0
340096,0.49,0
380017,0.49,0
340188,0.49,0
50608,0.5,0
100043,0.5,0
110079,0.5,0
140049,0.5,0
160069,0.5,0
260024,0.5,0
340183,0.5,0
360001,0.5,0
450072,0.5,0
450747,0.5,0
490009,0.5,0
10056,0.51,0
50084,0.51,0
50678,0.51,0
70011,0.51,0
140206,0.51,0
150007,0.51,0
150125,0.51,0
180004,0.51,0
250128,0.51,0
260094,0.51,0
260210,0.51,0
290045,0.51,0
330157,0.51,0
360077,0.51,0
370034,0.51,0
390028,0.51,0
390329,0.51,0
410006,0.51,0
440120,0.51,0
450358,0.51,0
450578,0.51,0
450617,0.51,0
460054,0.51,0
670047,0.51,0
100069,0.52,0
100130,0.52,0
140068,0.52,0
140187,0.52,0
240047,0.52,0
250097,0.52,0
260104,0.52,0
330164,0.52,0
330261,0.52,0
390048,0.52,0
390198,0.52,0
390204,0.52,0
440009,0.52,0
450684,0.52,0
460026,0.52,0
490024,0.52,0
510058,0.52,0
40074,0.53,0
140110,0.53,0
190046,0.53,0
190190,0.53,0
200037,0.53,0
220030,0.53,0
220033,0.53,0
310081,0.53,0
330135,0.53,0
360039,0.53,0
370004,0.53,0
440002,0.53,0
450010,0.53,0
450346,0.53,0
10001,0.54,0
50055,0.54,0
50471,0.54,0
80001,0.54,0
110044,0.54,0
110165,0.54,0
140177,0.54,0
150128,0.54,0
180104,0.54,0
200033,0.54,0
220176,0.54,0
230075,0.54,0
410009,0.54,0
410012,0.54,0
420071,0.54,0
450200,0.54,0
50135,0.55,0
100034,0.55,0
100093,0.55,0
100127,0.55,0
110043,0.55,0
140117,0.55,0
170109,0.55,0
180067,0.55,0
310011,0.55,0
340115,0.55,0
360211,0.55,0
420105,0.55,0
450132,0.55,0
450675,0.55,0
520089,0.55,0
50121,0.56,0
50350,0.56,0
100275,0.56,0
110091,0.56,0
200018,0.56,0
250050,0.56,0
300023,0.56,0
330229,0.56,0
330238,0.56,0
330273,0.56,0
390151,0.56,0
450040,0.56,0
450046,0.56,0
450388,0.56,0
450484,0.56,0
450638,0.56,0
490141,0.56,0
40002,0.57,0
50067,0.57,0
50289,0.57,0
50342,0.57,0
50502,0.57,0
100161,0.57,0
110029,0.57,0
110075,0.57,0
160032,0.57,0
310027,0.57,0
330202,0.57,0
360013,0.57,0
370149,0.57,0
450677,0.57,0
490017,0.57,0
500026,0.57,0
40071,0.58,0
50043,0.58,0
110124,0.58,0
140304,0.58,0
250124,0.58,0
190312,0.58,0
310092,0.58,0
360079,0.58,0
360175,0.58,0
390133,0.58,0
440006,0.58,0
440180,0.58,0
30110,0.59,0
50017,0.59,0
100189,0.59,0
150090,0.59,0
220046,0.59,0
310001,0.59,0
340173,0.59,0
50128,0.6,0
100121,0.6,0
190079,0.6,0
250027,0.6,0
250162,0.6,0
280134,0.6,0
290021,0.6,0
310064,0.6,0
330027,0.6,0
330160,0.6,0
340040,0.6,0
340097,0.6,0
340109,0.6,0
360029,0.6,0
370093,0.6,0
390070,0.6,0
390142,0.6,0
450653,0.6,0
50724,0.61,0
140063,0.61,0
140185,0.61,0
190034,0.61,0
190036,0.61,0
190167,0.61,0
200050,0.61,0
230156,0.61,0
370114,0.61,0
390019,0.61,0
390042,0.61,0
450688,0.61,0
450788,0.61,0
490063,0.61,0
500058,0.61,0
10036,0.62,0
50568,0.62,0
60125,0.62,0
110032,0.62,0
140122,0.62,0
170023,0.62,0
180093,0.62,0
190045,0.62,0
200021,0.62,0
220011,0.62,0
330043,0.62,0
330141,0.62,0
340126,0.62,0
370211,0.62,0
450379,0.62,0
450539,0.62,0
490005,0.62,0
490021,0.62,0
490144,0.62,0
10126,0.63,0
70028,0.63,0
110005,0.63,0
120004,0.63,0
130013,0.63,0
150165,0.63,0
450029,0.63,0
450042,0.63,0
450211,0.63,0
450670,0.63,0
490046,0.63,0
520041,0.63,0
10129,0.64,0
50262,0.64,0
110115,0.64,0
220031,0.64,0
230022,0.64,0
230092,0.64,0
230208,0.64,0
360040,0.64,0
360172,0.64,0
370091,0.64,0
450165,0.64,0
510039,0.64,0
510062,0.64,0
520097,0.64,0
40051,0.65,0
50116,0.65,0
50329,0.65,0
50353,0.65,0
100090,0.65,0
150009,0.65,0
190014,0.65,0
190099,0.65,0
260141,0.65,0
290046,0.65,0
310044,0.65,0
340151,0.65,0
370183,0.65,0
390027,0.65,0
390194,0.65,0
450641,0.65,0
490115,0.65,0
520208,0.65,0
40072,0.66,0
50549,0.66,0
50590,0.66,0
70027,0.66,0
100113,0.66,0
100212,0.66,0
110109,0.66,0
110128,0.66,0
110226,0.66,0
140030,0.66,0
140048,0.66,0
170197,0.66,0
180027,0.66,0
190027,0.66,0
340001,0.66,0
340015,0.66,0
380090,0.66,0
390016,0.66,0
390145,0.66,0
420101,0.66,0
440017,0.66,0
440152,0.66,0
520033,0.66,0
10039,0.67,0
110027,0.67,0
190004,0.67,0
190086,0.67,0
240207,0.67,0
250094,0.67,0
310061,0.67,0
360092,0.67,0
370078,0.67,0
420027,0.67,0
30092,0.68,0
50426,0.68,0
100006,0.68,0
110122,0.68,0
250104,0.68,0
390231,0.68,0
450809,0.68,0
30069,0.69,0
50063,0.69,0
50526,0.69,0
100118,0.69,0
140062,0.69,0
140250,0.69,0
170074,0.69,0
260110,0.69,0
340014,0.69,0
340129,0.69,0
360020,0.69,0
370083,0.69,0
390113,0.69,0
450844,0.69,0
460044,0.69,0
510007,0.69,0
50295,0.7,0
100287,0.7,0
140015,0.7,0
300012,0.7,0
320022,0.7,0
330394,0.7,0
390061,0.7,0
490077,0.7,0
520189,0.7,0
100288,0.71,0
110008,0.71,0
140276,0.71,0
150158,0.71,0
180016,0.71,0
200001,0.71,0
220036,0.71,0
260080,0.71,0
440227,0.71,0
530014,0.71,0
670023,0.71,0
420106,0.71,0
10038,0.72,0
10144,0.72,0
40010,0.72,0
40041,0.72,0
50169,0.72,0
60096,0.72,0
140101,0.72,0
310111,0.72,0
330240,0.72,0
330304,0.72,0
440056,0.72,0
470024,0.72,0
520202,0.72,0
50022,0.73,0
50278,0.73,0
100276,0.73,0
180128,0.73,0
190008,0.73,0
220119,0.73,0
230254,0.73,0
250061,0.73,0
360132,0.73,0
360230,0.73,0
390101,0.73,0
420002,0.73,0
450187,0.73,0
490066,0.73,0
490136,0.73,0
10019,0.74,0
50036,0.74,0
50118,0.74,0
50517,0.74,0
100025,0.74,0
110168,0.74,0
140181,0.74,0
150169,0.74,0
180040,0.74,0
200020,0.74,0
240044,0.74,0
260074,0.74,0
330197,0.74,0
330241,0.74,0
450820,0.74,0
460011,0.74,0
10007,0.75,0
50581,0.75,0
100081,0.75,0
100124,0.75,0
100173,0.75,0
100258,0.75,0
180127,0.75,0
230047,0.75,0
320033,0.75,0
360026,0.75,0
390173,0.75,0
50283,0.76,0
50727,0.76,0
50737,0.76,0
140182,0.76,0
140191,0.76,0
250079,0.76,0
310112,0.76,0
360080,0.76,0
390203,0.76,0
450092,0.76,0
450862,0.76,0
520100,0.76,0
50457,0.77,0
100167,0.77,0
100236,0.77,0
360086,0.77,0
390225,0.77,0
390324,0.77,0
450686,0.77,0
30121,0.78,0
70012,0.78,0
100023,0.78,0
100191,0.78,0
100226,0.78,0
150044,0.78,0
260163,0.78,0
330009,0.78,0
360112,0.78,0
440073,0.78,0
450400,0.78,0
460003,0.78,0
370032,0.78,0
70018,0.79,0
100022,0.79,0
140113,0.79,0
220116,0.79,0
250100,0.79,0
290041,0.79,0
360203,0.79,0
390036,0.79,0
390164,0.79,0
220060,0.8,0
230036,0.8,0
240069,0.8,0
250025,0.8,0
270017,0.8,0
290019,0.8,0
310096,0.8,0
350006,0.8,0
380025,0.8,0
390052,0.8,0
390178,0.8,0
390219,0.8,0
450034,0.8,0
490013,0.8,0
50056,0.81,0
50761,0.81,0
90003,0.81,0
100040,0.81,0
220083,0.81,0
330276,0.81,0
330393,0.81,0
360065,0.81,0
390091,0.81,0
390267,0.81,0
450028,0.81,0
490004,0.81,0
520103,0.81,0
40027,0.82,0
110089,0.82,0
110161,0.82,0
330073,0.82,0
370097,0.82,0
440015,0.82,0
450801,0.82,0
490126,0.82,0
520044,0.82,0
460060,0.82,0
100269,0.83,0
150046,0.83,0
230093,0.83,0
330234,0.83,0
330396,0.83,0
340159,0.83,0
360109,0.83,0
390127,0.83,0
440153,0.83,0
450351,0.83,0
450508,0.83,0
100075,0.84,0
110011,0.84,0
140233,0.84,0
190065,0.84,0
200031,0.84,0
330046,0.84,0
340127,0.84,0
390156,0.84,0
440046,0.84,0
450662,0.84,0
10103,0.85,0
50112,0.85,0
60100,0.85,0
80007,0.85,0
90008,0.85,0
170013,0.85,0
170014,0.85,0
230180,0.85,0
290039,0.85,0
330198,0.85,0
330401,0.85,0
370236,0.85,0
30073,0.86,0
100045,0.86,0
150022,0.86,0
220001,0.86,0
230269,0.86,0
250019,0.86,0
290054,0.86,0
330140,0.86,0
340116,0.86,0
450107,0.86,0
450702,0.86,0
460041,0.86,0
40022,0.87,0
50093,0.87,0
50352,0.87,0
100256,0.87,0
110028,0.87,0
250038,0.87,0
340039,0.87,0
370015,0.87,0
440011,0.87,0
450099,0.87,0
450193,0.87,0
490117,0.87,0
510077,0.87,0
30087,0.88,0
50236,0.88,0
180095,0.88,0
230069,0.88,0
440061,0.88,0
490060,0.88,0
520037,0.88,0
10024,0.89,0
10055,0.89,0
10104,0.89,0
50158,0.89,0
50351,0.89,0
230002,0.89,0
230053,0.89,0
250085,0.89,0
310076,0.89,0
330163,0.89,0
390001,0.89,0
10046,0.9,0
30088,0.9,0
30130,0.9,0
260005,0.9,0
260214,0.9,0
390160,0.9,0
450002,0.9,0
450324,0.9,0
490045,0.9,0
50235,0.91,0
110001,0.91,0
110035,0.91,0
140288,0.91,0
230217,0.91,0
250043,0.91,0
330008,0.91,0
370094,0.91,0
380020,0.91,0
40026,0.92,0
50133,0.92,0
100213,0.92,0
110031,0.92,0
140019,0.92,0
140166,0.92,0
230273,0.92,0
240084,0.92,0
310028,0.92,0
340171,0.92,0
450299,0.92,0
520083,0.92,0
10083,0.93,0
30013,0.93,0
50194,0.93,0
50755,0.93,0
330014,0.93,0
330033,0.93,0
330128,0.93,0
330158,0.93,0
440173,0.93,0
450101,0.93,0
450469,0.93,0
490088,0.93,0
670098,0.93,0
10079,0.94,0
50058,0.94,0
100080,0.94,0
100231,0.94,0
250040,0.94,0
260017,0.94,0
260108,0.94,0
330006,0.94,0
330108,0.94,0
370025,0.94,0
30071,0.95,0
100071,0.95,0
100102,0.95,0
180001,0.95,0
230040,0.95,0
230041,0.95,0
230176,0.95,0
330167,0.95,0
370113,0.95,0
390037,0.95,0
490052,0.95,0
30012,0.96,0
50523,0.96,0
140234,0.96,0
140286,0.96,0
190026,0.96,0
390138,0.96,0
390220,0.96,0
450718,0.96,0
100057,0.97,0
310045,0.97,0
440067,0.97,0
440161,0.97,0
510048,0.97,0
30101,0.98,0
50129,0.98,0
50390,0.98,0
140294,0.98,0
180049,0.98,0
230197,0.98,0
280081,0.98,0
50775,0.98,0
310091,0.98,0
420067,0.98,0
450742,0.98,0
50485,0.99,0
100183,0.99,0
100187,0.99,0
140258,0.99,0
220126,0.99,0
230081,0.99,0
310031,0.99,0
310032,0.99,0
330223,0.99,0
440031,0.99,0
450372,0.99,0
100220,1,1
160104,1,1
360150,1,1
490075,1,1
500037,1,1
670004,1,1
10090,1.01,1
40119,1.01,1
110153,1.01,1
140200,1.01,1
180132,1.01,1
220024,1.01,1
260085,1.01,1
330277,1.01,1
360174,1.01,1
60071,1.02,1
150006,1.02,1
330250,1.02,1
100254,1.03,1
140213,1.03,1
390080,1.03,1
50039,1.04,1
100001,1.04,1
320061,1.04,1
330080,1.04,1
330331,1.04,1
370020,1.04,1
420070,1.04,1
440030,1.04,1
50077,1.05,1
50211,1.05,1
60118,1.05,1
110230,1.05,1
230089,1.05,1
330044,1.05,1
360084,1.05,1
490097,1.05,1
10085,1.06,1
50243,1.06,1
100142,1.06,1
220098,1.06,1
390201,1.06,1
450709,1.06,1
490118,1.06,1
50464,1.07,1
100175,1.07,1
100232,1.07,1
140067,1.07,1
170058,1.07,1
180106,1.07,1
330125,1.07,1
360011,1.07,1
450184,1.07,1
510006,1.07,1
110111,1.08,1
260219,1.08,1
330055,1.08,1
330085,1.08,1
50336,1.09,1
230151,1.09,1
250099,1.09,1
310048,1.09,1
50060,1.1,1
70033,1.1,1
100052,1.1,1
100206,1.1,1
330162,1.1,1
390110,1.1,1
10118,1.11,1
40001,1.11,1
250072,1.11,1
310008,1.11,1
360064,1.11,1
360143,1.11,1
450867,1.11,1
530032,1.11,1
100044,1.12,1
180020,1.12,1
180048,1.12,1
310047,1.12,1
340024,1.12,1
370006,1.12,1
420079,1.12,1
430012,1.12,1
140095,1.13,1
180043,1.13,1
310040,1.13,1
330107,1.13,1
390228,1.13,1
490038,1.13,1
50279,1.14,1
70008,1.14,1
100019,1.14,1
180035,1.14,1
230099,1.14,1
270032,1.14,1
370153,1.14,1
390081,1.14,1
420015,1.14,1
100302,1.15,1
150082,1.15,1
160057,1.15,1
190274,1.15,1
220019,1.15,1
230070,1.15,1
310058,1.15,1
340010,1.15,1
340073,1.15,1
380075,1.15,1
520066,1.15,1
40067,1.16,1
100072,1.16,1
110215,1.16,1
230024,1.16,1
250126,1.16,1
260059,1.16,1
260065,1.16,1
290009,1.16,1
290022,1.16,1
360234,1.16,1
360236,1.16,1
670044,1.16,1
50132,1.17,1
50516,1.17,1
110038,1.17,1
260077,1.17,1
260142,1.17,1
340051,1.17,1
360059,1.17,1
360131,1.17,1
360141,1.17,1
530012,1.17,1
100088,1.18,1
180080,1.18,1
260176,1.18,1
390147,1.18,1
440048,1.18,1
450860,1.18,1
260119,1.19,1
440018,1.19,1
520009,1.19,1
330074,1.2,1
330106,1.2,1
450032,1.2,1
10006,1.21,1
50739,1.21,1
230230,1.21,1
230270,1.21,1
320003,1.21,1
440176,1.21,1
100156,1.22,1
140133,1.22,1
220066,1.22,1
310017,1.22,1
320004,1.22,1
340166,1.22,1
370039,1.22,1
490043,1.22,1
10100,1.23,1
50195,1.23,1
50701,1.23,1
100264,1.23,1
100291,1.23,1
140208,1.23,1
230055,1.23,1
230130,1.23,1
330181,1.23,1
420091,1.23,1
500041,1.23,1
10130,1.24,1
40062,1.24,1
50300,1.24,1
180045,1.24,1
340090,1.24,1
390185,1.24,1
390265,1.24,1
420010,1.24,1
450176,1.24,1
70005,1.25,1
110082,1.25,1
190040,1.25,1
330011,1.25,1
360098,1.25,1
140147,1.26,1
290005,1.26,1
330059,1.26,1
10158,1.27,1
100243,1.27,1
330194,1.27,1
390097,1.27,1
390233,1.27,1
10120,1.28,1
40019,1.28,1
50091,1.28,1
50481,1.28,1
50709,1.28,1
60114,1.28,1
100284,1.28,1
110042,1.28,1
140224,1.28,1
190060,1.28,1
330169,1.28,1
330196,1.28,1
340132,1.28,1
390079,1.28,1
490114,1.28,1
180139,1.29,1
330239,1.29,1
330332,1.29,1
360360,1.29,1
370139,1.29,1
410011,1.29,1
450219,1.29,1
450775,1.29,1
500019,1.29,1
670071,1.29,1
10012,1.3,1
50444,1.3,1
50668,1.3,1
230104,1.3,1
310002,1.3,1
310054,1.3,1
330350,1.3,1
390065,1.3,1
500001,1.3,1
10023,1.31,1
100092,1.31,1
140040,1.31,1
140164,1.31,1
150004,1.31,1
260001,1.31,1
280132,1.31,1
310115,1.31,1
340027,1.31,1
360096,1.31,1
440150,1.31,1
70029,1.32,1
100107,1.32,1
330221,1.32,1
340060,1.32,1
490057,1.32,1
220052,1.33,1
50770,1.34,1
100252,1.34,1
190002,1.34,1
140052,1.35,1
390223,1.35,1
100029,1.36,1
100109,1.36,1
100223,1.36,1
140158,1.36,1
220080,1.36,1
360090,1.36,1
490084,1.36,1
70017,1.37,1
100117,1.37,1
110025,1.37,1
220073,1.37,1
260193,1.37,1
330184,1.37,1
420049,1.37,1
450475,1.37,1
510002,1.37,1
100077,1.38,1
140001,1.38,1
190160,1.38,1
250042,1.38,1
390026,1.38,1
450713,1.38,1
490020,1.38,1
150086,1.39,1
220100,1.39,1
330264,1.39,1
420036,1.39,1
450222,1.39,1
140114,1.4,1
150113,1.4,1
160080,1.4,1
180056,1.4,1
250096,1.4,1
450148,1.4,1
520198,1.4,1
10005,1.41,1
10035,1.41,1
180044,1.41,1
310006,1.41,1
50126,1.42,1
100067,1.42,1
230244,1.42,1
320089,1.42,1
330104,1.42,1
670043,1.42,1
140120,1.43,1
360091,1.43,1
10029,1.44,1
180005,1.44,1
260009,1.44,1
390125,1.44,1
450352,1.44,1
10092,1.45,1
10164,1.45,1
100179,1.45,1
440065,1.45,1
450011,1.45,1
50498,1.46,1
100012,1.46,1
180053,1.46,1
220108,1.46,1
390072,1.46,1
50327,1.47,1
140231,1.47,1
260011,1.47,1
490093,1.47,1
10139,1.48,1
100268,1.48,1
310024,1.48,1
310038,1.48,1
360170,1.48,1
450163,1.48,1
100150,1.49,1
140239,1.49,1
340042,1.49,1
70010,1.5,1
90006,1.5,1
140160,1.5,1
330028,1.5,1
340120,1.5,1
440187,1.5,1
490040,1.5,1
50102,1.51,1
50633,1.51,1
100131,1.51,1
230141,1.51,1
330259,1.51,1
100063,1.52,1
100248,1.52,1
250031,1.52,1
270003,1.52,1
290008,1.52,1
310074,1.52,1
320085,1.52,1
330267,1.52,1
230227,1.53,1
250069,1.53,1
230146,1.54,1
510070,1.54,1
150045,1.55,1
450403,1.55,1
490019,1.55,1
490053,1.55,1
180021,1.57,1
180115,1.57,1
310022,1.57,1
310118,1.57,1
390119,1.57,1
100238,1.58,1
150075,1.58,1
390067,1.58,1
440001,1.58,1
490098,1.58,1
220010,1.59,1
310083,1.59,1
360008,1.59,1
390304,1.59,1
50636,1.6,1
110105,1.6,1
140054,1.6,1
140210,1.6,1
180036,1.6,1
230142,1.6,1
320086,1.6,1
100099,1.61,1
110177,1.61,1
220086,1.61,1
330201,1.61,1
330386,1.61,1
440183,1.61,1
490112,1.61,1
100176,1.62,1
310016,1.63,1
390174,1.63,1
60003,1.64,1
220029,1.64,1
510029,1.64,1
310086,1.65,1
390012,1.65,1
440063,1.65,1
110198,1.66,1
310014,1.66,1
440084,1.66,1
100032,1.67,1
330058,1.67,1
340098,1.67,1
440070,1.67,1
450083,1.67,1
140125,1.68,1
390030,1.68,1
390062,1.68,1
40069,1.69,1
260180,1.69,1
340020,1.69,1
40029,1.7,1
70022,1.7,1
110003,1.7,1
310110,1.7,1
360071,1.7,1
440025,1.7,1
40085,1.71,1
100180,1.71,1
40036,1.72,1
220020,1.72,1
260160,1.72,1
260034,1.73,1
490110,1.73,1
220171,1.74,1
330185,1.74,1
330203,1.74,1
340133,1.74,1
420082,1.74,1
440003,1.74,1
440035,1.74,1
50179,1.75,1
180102,1.75,1
10078,1.76,1
140080,1.76,1
140082,1.76,1
150100,1.76,1
510071,1.76,1
50624,1.77,1
170176,1.78,1
180051,1.78,1
190013,1.78,1
330056,1.78,1
390236,1.78,1
670068,1.78,1
100137,1.79,1
100244,1.79,1
170049,1.79,1
290003,1.79,1
310070,1.79,1
390162,1.79,1
220008,1.8,1
360125,1.8,1
360354,1.8,1
510047,1.8,1
190151,1.81,1
390123,1.81,1
10045,1.82,1
40055,1.82,1
220070,1.83,1
510024,1.83,1
30043,1.84,1
140179,1.84,1
330045,1.84,1
390217,1.84,1
330195,1.85,1
110113,1.87,1
300029,1.87,1
100209,1.88,1
100259,1.88,1
230303,1.88,1
450018,1.88,1
190053,1.89,1
310050,1.89,1
330236,1.89,1
390211,1.89,1
40078,1.9,1
140046,1.9,1
140103,1.9,1
180002,1.9,1
180009,1.9,1
260191,1.9,1
330019,1.9,1
360145,1.9,1
440058,1.9,1
230302,1.91,1
250093,1.91,1
50124,1.92,1
510046,1.92,1
50239,1.93,1
160117,1.93,1
450827,1.93,1
530015,1.93,1
40020,1.94,1
450210,1.96,1
10040,1.97,1
40153,1.97,1
50002,1.98,1
50742,1.98,1
130014,1.98,1
330175,1.98,1
390268,1.98,1
250141,1.99,1
300017,2,1
360276,2,1
390115,2,1
40084,2.01,1
150034,2.01,1
310025,2.01,1
140034,2.04,1
290032,2.04,1
340099,2.04,1
510091,2.04,1
140011,2.05,1
420086,2.05,1
180105,2.06,1
220063,2.06,1
310003,2.06,1
340158,2.06,1
420055,2.07,1
140290,2.08,1
340071,2.08,1
450654,2.08,1
490092,2.08,1
140002,2.09,1
150002,2.09,1
100007,2.1,1
260177,2.1,1
100224,2.11,1
100307,2.11,1
220090,2.11,1
220111,2.11,1
330218,2.12,1
670008,2.12,1
40039,2.13,1
40118,2.15,1
100050,2.15,1
230020,2.15,1
330193,2.16,1
440033,2.16,1
360046,2.17,1
250123,2.18,1
150069,2.19,1
450883,2.19,1
110018,2.2,1
170190,2.2,1
170146,2.21,1
330286,2.21,1
30055,2.22,1
190140,2.22,1
140093,2.23,1
330004,2.23,1
100053,2.24,1
390307,2.24,1
110192,2.25,1
380082,2.25,1
490116,2.25,1
40076,2.26,1
260096,2.26,1
100084,2.27,1
100110,2.27,1
140013,2.27,1
310108,2.27,1
100126,2.28,1
330208,2.28,1
80004,2.31,1
50414,2.32,1
180013,2.32,1
190297,2.32,1
310039,2.33,1
40134,2.34,1
220135,2.34,1
230216,2.34,1
250009,2.34,1
330030,2.34,1
460052,2.34,1
40152,2.35,1
330205,2.36,1
230132,2.37,1
420085,2.37,1
440072,2.37,1
490002,2.41,1
450856,2.42,1
140007,2.46,1
330126,2.46,1
160024,2.47,1
330215,2.47,1
340107,2.47,1
30131,2.48,1
140118,2.48,1
330246,2.48,1
260025,2.49,1
330231,2.49,1
330111,2.5,1
50125,2.51,1
160008,2.52,1
300011,2.54,1
250058,2.55,1
130066,2.59,1
140184,2.59,1
50537,2.6,1
340050,2.62,1
330023,2.63,1
450876,2.66,1
510050,2.68,1
10131,2.69,1
30085,2.69,1
110200,2.69,1
140172,2.7,1
420080,2.71,1
450634,2.72,1
180124,2.74,1
110041,2.78,1
110069,2.79,1
460047,2.81,1
490120,2.82,1
150088,2.83,1
180143,2.83,1
260023,2.83,1
340003,2.83,1
490127,2.83,1
260190,2.85,1
370014,2.85,1
190278,2.86,1
110191,2.87,1
340147,2.9,1
490067,2.91,1
100315,2.92,1
520004,2.93,1
40011,2.94,1
100204,2.96,1
310019,2.97,1
340064,2.97,1
260070,2.99,1
10065,3,1
20024,3,1
30112,3,1
50030,3,1
50101,3,1
60103,3,1
100157,3,1
100217,3,1
100246,3,1
100260,3,1
100316,3,1
110187,3,1
140130,3,1
150176,3,1
180029,3,1
180050,3,1
180069,3,1
180116,3,1
190020,3,1
190041,3,1
190164,3,1
190201,3,1
190268,3,1
220074,3,1
230031,3,1
250020,3,1
250078,3,1
260095,3,1
100321,3,1
330090,3,1
330235,3,1
330395,3,1
360361,3,1
370022,3,1
370220,3,1
370235,3,1
390327,3,1
440040,3,1
440132,3,1
450888,3,1
450894,3,1
490023,3,1
490107,3,1
510038,3,1
670005,3,1
670006,3,1
670061,3,1
670076,3,1
10022,0,0
10044,0,0
10058,0,0
10059,0,0
10061,0,0
10095,0,0
10102,0,0
10109,0,0
10125,0,0
10138,0,0
10168,0,0
20001,0,0
20012,0,0
20018,0,0
30022,0,0
30023,0,0
30061,0,0
30062,0,0
30068,0,0
30074,0,0
30077,0,0
30078,0,0
30107,0,0
30108,0,0
30113,0,0
30134,0,0
40147,0,0
50006,0,0
50008,0,0
50009,0,0
50069,0,0
50070,0,0
50072,0,0
50076,0,0
50096,0,0
50107,0,0
50127,0,0
50136,0,0
50137,0,0
50138,0,0
50139,0,0
50145,0,0
50174,0,0
50192,0,0
50197,0,0
50205,0,0
50225,0,0
50232,0,0
50276,0,0
50280,0,0
50291,0,0
50301,0,0
50309,0,0
50324,0,0
50357,0,0
50397,0,0
50411,0,0
50423,0,0
50496,0,0
50503,0,0
50506,0,0
50510,0,0
50512,0,0
50515,0,0
50541,0,0
50546,0,0
50547,0,0
50548,0,0
50561,0,0
50586,0,0
50588,0,0
50597,0,0
50604,0,0
50609,0,0
50677,0,0
50686,0,0
50690,0,0
50697,0,0
50708,0,0
50710,0,0
50714,0,0
50717,0,0
50723,0,0
50726,0,0
50735,0,0
50738,0,0
50747,0,0
50748,0,0
50751,0,0
50758,0,0
50763,0,0
50765,0,0
50766,0,0
50767,0,0
50769,0,0
60001,0,0
60004,0,0
60006,0,0
60010,0,0
60012,0,0
60013,0,0
60015,0,0
60023,0,0
60030,0,0
60054,0,0
60075,0,0
60076,0,0
60112,0,0
60116,0,0
60117,0,0
60124,0,0
70040,0,0
90005,0,0
100018,0,0
100070,0,0
100087,0,0
100125,0,0
100134,0,0
100265,0,0
100277,0,0
100299,0,0
100313,0,0
100314,0,0
110045,0,0
110046,0,0
110050,0,0
110074,0,0
110086,0,0
110087,0,0
110095,0,0
110121,0,0
110125,0,0
110129,0,0
110135,0,0
110142,0,0
110189,0,0
110225,0,0
110233,0,0
120001,0,0
120011,0,0
120014,0,0
120028,0,0
130003,0,0
130006,0,0
130007,0,0
130018,0,0
130028,0,0
130049,0,0
130063,0,0
130065,0,0
130067,0,0
140012,0,0
140029,0,0
140043,0,0
140053,0,0
140059,0,0
140100,0,0
140116,0,0
140137,0,0
140161,0,0
140211,0,0
140217,0,0
140242,0,0
140300,0,0
150001,0,0
150051,0,0
150059,0,0
150064,0,0
150065,0,0
150072,0,0
150091,0,0
150097,0,0
150101,0,0
150109,0,0
150115,0,0
150153,0,0
150157,0,0
150160,0,0
150161,0,0
150167,0,0
150168,0,0
150177,0,0
150181,0,0
150182,0,0
160030,0,0
160040,0,0
160064,0,0
160083,0,0
160101,0,0
160112,0,0
160122,0,0
160124,0,0
170020,0,0
170027,0,0
170068,0,0
170075,0,0
170110,0,0
170120,0,0
170123,0,0
170145,0,0
170150,0,0
170183,0,0
170185,0,0
170186,0,0
170187,0,0
170188,0,0
170196,0,0
170198,0,0
170203,0,0
180025,0,0
180038,0,0
180046,0,0
180130,0,0
180149,0,0
190017,0,0
190019,0,0
190088,0,0
190114,0,0
190125,0,0
190133,0,0
190145,0,0
190184,0,0
190241,0,0
190245,0,0
190255,0,0
190256,0,0
190259,0,0
190263,0,0
190267,0,0
190270,0,0
190298,0,0
190300,0,0
190303,0,0
200008,0,0
200009,0,0
200019,0,0
200034,0,0
200041,0,0
200052,0,0
220035,0,0
220075,0,0
220177,0,0
230003,0,0
230005,0,0
230013,0,0
230019,0,0
230021,0,0
230030,0,0
230037,0,0
230054,0,0
230066,0,0
230071,0,0
230072,0,0
230100,0,0
230108,0,0
230118,0,0
230133,0,0
230174,0,0
230236,0,0
230259,0,0
230264,0,0
230301,0,0
240050,0,0
240100,0,0
240187,0,0
240206,0,0
250018,0,0
250049,0,0
250060,0,0
250127,0,0
250134,0,0
260006,0,0
260050,0,0
260052,0,0
260061,0,0
260068,0,0
260097,0,0
260175,0,0
260179,0,0
260195,0,0
270004,0,0
270012,0,0
270014,0,0
270049,0,0
270051,0,0
270057,0,0
270087,0,0
280009,0,0
280020,0,0
280023,0,0
280032,0,0
280127,0,0
280128,0,0
280129,0,0
280131,0,0
10032,0,0
60107,0,0
190251,0,0
10018,0,0
50543,0,0
50754,0,0
70038,0,0
110190,0,0
110209,0,0
150149,0,0
150179,0,0
170194,0,0
170199,0,0
190128,0,0
190266,0,0
190307,0,0
220062,0,0
230144,0,0
230275,0,0
230279,0,0
240196,0,0
250081,0,0
250136,0,0
250151,0,0
250152,0,0
280133,0,0
100322,0,0
110234,0,0
140033,0,0
170201,0,0
30136,0,0
50777,0,0
60126,0,0
190313,0,0
40132,0,0
50778,0,0
50779,0,0
50780,0,0
50781,0,0
50782,0,0
140307,0,0
150183,0,0
190302,0,0
290042,0,0
290049,0,0
300003,0,0
300014,0,0
300019,0,0
310005,0,0
310051,0,0
310113,0,0
320021,0,0
320030,0,0
320062,0,0
320065,0,0
320067,0,0
320070,0,0
330003,0,0
330096,0,0
330166,0,0
330224,0,0
330270,0,0
330403,0,0
340002,0,0
340017,0,0
340023,0,0
340049,0,0
340069,0,0
340087,0,0
340091,0,0
340123,0,0
340131,0,0
340156,0,0
350002,0,0
350011,0,0
360044,0,0
360051,0,0
360066,0,0
360068,0,0
360082,0,0
360089,0,0
360153,0,0
360155,0,0
360156,0,0
360163,0,0
360259,0,0
360263,0,0
360266,0,0
360351,0,0
360352,0,0
360355,0,0
360358,0,0
360362,0,0
370016,0,0
370018,0,0
370019,0,0
370026,0,0
370099,0,0
370158,0,0
370170,0,0
370171,0,0
370172,0,0
370190,0,0
370192,0,0
370201,0,0
370203,0,0
370210,0,0
370212,0,0
370214,0,0
370215,0,0
370216,0,0
370222,0,0
370225,0,0
370228,0,0
380001,0,0
380004,0,0
380005,0,0
380007,0,0
380014,0,0
380022,0,0
380027,0,0
380029,0,0
380037,0,0
380040,0,0
380047,0,0
380050,0,0
380052,0,0
380060,0,0
380061,0,0
380091,0,0
380102,0,0
390003,0,0
390035,0,0
390039,0,0
390049,0,0
390056,0,0
390084,0,0
390100,0,0
390104,0,0
390146,0,0
390195,0,0
390199,0,0
390266,0,0
390312,0,0
390314,0,0
390316,0,0
390321,0,0
390322,0,0
390323,0,0
390325,0,0
390326,0,0
410008,0,0
410010,0,0
420023,0,0
420057,0,0
420065,0,0
420078,0,0
420087,0,0
420102,0,0
420103,0,0
430008,0,0
430013,0,0
430014,0,0
430015,0,0
430027,0,0
430048,0,0
430082,0,0
430083,0,0
430089,0,0
430090,0,0
430091,0,0
430095,0,0
430097,0,0
440032,0,0
440068,0,0
440110,0,0
440131,0,0
440133,0,0
440151,0,0
440175,0,0
440200,0,0
440218,0,0
440231,0,0
450007,0,0
450015,0,0
450021,0,0
450023,0,0
450082,0,0
450104,0,0
450143,0,0
450144,0,0
450155,0,0
450162,0,0
450192,0,0
450237,0,0
450243,0,0
450253,0,0
450289,0,0
450292,0,0
450369,0,0
450370,0,0
450411,0,0
450422,0,0
450451,0,0
450460,0,0
450465,0,0
450488,0,0
450489,0,0
450498,0,0
450573,0,0
450584,0,0
450586,0,0
450587,0,0
450596,0,0
450597,0,0
450604,0,0
450605,0,0
450659,0,0
450690,0,0
450698,0,0
450723,0,0
450730,0,0
450755,0,0
450774,0,0
450779,0,0
450780,0,0
450797,0,0
450803,0,0
450804,0,0
450808,0,0
450825,0,0
450828,0,0
450831,0,0
450833,0,0
450834,0,0
450851,0,0
450853,0,0
450855,0,0
450864,0,0
450865,0,0
450871,0,0
450874,0,0
450875,0,0
450877,0,0
450880,0,0
450889,0,0
450891,0,0
460004,0,0
460006,0,0
460007,0,0
460010,0,0
460013,0,0
460021,0,0
460023,0,0
460030,0,0
460039,0,0
460049,0,0
460051,0,0
460057,0,0
460058,0,0
470011,0,0
490007,0,0
490033,0,0
490059,0,0
490089,0,0
500002,0,0
500015,0,0
500016,0,0
500021,0,0
500024,0,0
500033,0,0
500036,0,0
500072,0,0
500108,0,0
500119,0,0
500124,0,0
500148,0,0
520034,0,0
520035,0,0
520038,0,0
520049,0,0
520070,0,0
520071,0,0
520076,0,0
520087,0,0
520091,0,0
520095,0,0
520102,0,0
520194,0,0
520196,0,0
520205,0,0
530006,0,0
530025,0,0
670025,0,0
670046,0,0
670049,0,0
670054,0,0
670059,0,0
670060,0,0
670062,0,0
670067,0,0
670069,0,0
670073,0,0
670075,0,0
670078,0,0
670087,0,0
320058,0,0
370072,0,0
450845,0,0
670083,0,0
320057,0,0
330100,0,0
330405,0,0
330406,0,0
330409,0,0
340148,0,0
340168,0,0
360245,0,0
360247,0,0
360261,0,0
370199,0,0
370206,0,0
390025,0,0
390272,0,0
390278,0,0
390302,0,0
430093,0,0
450674,0,0
460043,0,0
490104,0,0
500052,0,0
380103,0,0
670090,0,0
350064,0,0
670093,0,0
670095,0,0
670099,0,0
670102,0,0
670107,0,0
670094,0,0
670097,0,0
290056,0,0
490145,0,0
670108,0,0
670110,0,0
670112,0,0
